Agency,Local Code,County,Township,City,Vehicles Involved,Trailers Involved,Number Injured,Number Dead,Number Deer,House Number,Roadway Name,Roadway Suffix,Roadway Number,Roadway Interchange,Roadway Ramp,Roadway Id,Intersecting Road,Intersecting Road Number,Mile Marker,Interchange,Corporate Limits?,Property Type,Feet From,Direction,Latitude,Longitude,Roadway Class,Traffic Control Devices?,Aggressive Driving?,Hit and Run?,Locality,School Zone?,Rumble Strips?,Construction?,Construction Type,Light Condition,Weather Conditions,Surface Condition,Type of Median,Roadway Junction Type,Road Character,Roadway Surface,Primary Factor,Damage Estimate,Manner of Collision,Unique Location Id,State Property Damage?,Traffic Control,DateTime,Address Number
BLOOMINGTON PD,50914060,MONROE,BLOOMINGTON,BLOOMINGTON,1,0.0,1.0,0,0,,N WALNUT,ST,,,,N WALNUT ST,12TH,,,,Y,OTHER,,,39.174352,-86.533472,LOCAL/CITY RD,,N,Y,URBAN,N,N,N,,DARK (NOT LIGHTED),CLEAR,DRY,NONE,FOUR-WAY INTERSECTION,STRAIGHT/GRADE,ASPHALT,FAILURE TO YIELD RIGHT OF WAY,UNDER $1001,OPPOSITE DIRECTION SIDESWIPE,12THSTNWALNUTST,1,NONE,2014-05-09 03:13:00,
BLOOMINGTON PD,72414066,MONROE,BLOOMINGTON,BLOOMINGTON,1,0.0,1.0,0,0,,S WOODLAWN,AVE,,,,S WOODLAWN AVE,E 2ND,,,,Y,OTHER,,,39.16106969,-86.52264006,LOCAL/CITY RD,,N,N,URBAN,N,N,N,,DAYLIGHT,CLEAR,DRY,NONE,FOUR-WAY INTERSECTION,STRAIGHT/LEVEL,ASPHALT,DISREGARD SIGNAL/REG SIGN,$1001 TO $2500,RIGHT ANGLE,E 2NDSTSWOODLAWNAVE,1,STOP SIGN,2014-07-24 08:43:00,
BLOOMINGTON PD,71514125,MONROE,BLOOMINGTON,BLOOMINGTON,1,0.0,0.0,0,0,,ROGERS,ST,,,,ROGERS ST,11TH,,,,Y,OTHER,,,39.173184,-86.538528,LOCAL/CITY RD,,N,Y,URBAN,N,N,N,,DAYLIGHT,CLEAR,DRY,NONE,FOUR-WAY INTERSECTION,STRAIGHT/LEVEL,ASPHALT,DISREGARD SIGNAL/REG SIGN,$2501 TO $5000,HEAD ON BETWEEN TWO MOTOR VEHICLES,11THSTROGERSST,1,STOP SIGN,2014-07-15 12:50:00,
INDIANA UNIV BLOOMINGTON PD,151400,MONROE,BLOOMINGTON,BLOOMINGTON,1,0.0,1.0,0,0,,7TH,ST,,,,7TH,PARK,,,,Y,,,,39.16864,-86.524496,LOCAL/CITY RD,,N,N,URBAN,N,N,N,,DAYLIGHT,CLEAR,DRY,,T-INTERSECTION,STRAIGHT/LEVEL,ASPHALT,FAILURE TO YIELD RIGHT OF WAY,UNDER $1001,LEFT TURN,7THSTPARKAVE,1,LN CONTROL,2015-05-08 12:23:00,
INDIANA UNIV BLOOMINGTON PD,151982,MONROE,BLOOMINGTON,BLOOMINGTON,1,0.0,1.0,0,0,,3RD,ST,,,,3RD,ROSE,,,,Y,,,,39.164352,-86.510944,LOCAL/CITY RD,,N,N,URBAN,N,N,N,,DAYLIGHT,CLEAR,DRY,,T-INTERSECTION,STRAIGHT/GRADE,ASPHALT,OTHER (DRIVER) - EXPLAIN IN NARRATIVE,UNDER $1001,RIGHT ANGLE,3RDSTROSEAVE,1,STOP SIGN,2015-08-23 17:34:00,
BLOOMINGTON PD,B1549927,MONROE,PERRY,BLOOMINGTON,1,0.0,1.0,0,0,2486.0,S WINSLOW,CT,,,,S WINSLOW,,,,,Y,,,,39.13821257,-86.524,OTHER,,N,N,URBAN,N,N,N,,DAYLIGHT,CLEAR,DRY,,NO JUNCTION INVOLVED,STRAIGHT/LEVEL,ASPHALT,OTHER (DRIVER) - EXPLAIN IN NARRATIVE,UNDER $1001,OTHER - EXPLAIN IN NARRATIVE,SWINSLOWCT,1,NONE,2015-11-22 13:40:00,
INDIANA UNIV BLOOMINGTON PD,160974,MONROE,BLOOMINGTON,BLOOMINGTON,1,0.0,1.0,0,0,,EAGLESON AVE,AVE,,,,EAGLESON AVE,10TH,,,,Y,,300.0,S,39.17073106,-86.51581866,LOCAL/CITY RD,,N,N,URBAN,N,N,N,,DAYLIGHT,CLEAR,DRY,NONE,NO JUNCTION INVOLVED,STRAIGHT/GRADE,ASPHALT,IMPROPER TURNING,$2501 TO $5000,LEFT TURN,10THSTEAGLESON AVEAVE,1,NONE,2016-04-13 17:32:00,
BLOOMINGTON PD,B1623262,MONROE,BLOOMINGTON,BLOOMINGTON,1,0.0,1.0,0,0,,N ROGERS,ST,,,,N ROGERS,W 7TH,,,,Y,,,,39.168704,-86.538576,LOCAL/CITY RD,,N,N,URBAN,N,N,N,,DAYLIGHT,CLEAR,DRY,,FOUR-WAY INTERSECTION,STRAIGHT/LEVEL,ASPHALT,FAILURE TO YIELD RIGHT OF WAY,UNDER $1001,RIGHT ANGLE,NROGERSSTW7THST,1,STOP SIGN,2016-06-18 15:35:00,
INDIANA UNIV BLOOMINGTON PD,160279,MONROE,BLOOMINGTON,BLOOMINGTON,1,0.0,0.0,0,0,,WOODLAWN,AVE,,,,WOODLAWN,ATWATER,,,,Y,,,,39.16312024,-86.52261994,LOCAL/CITY RD,Y,N,N,URBAN,N,N,N,,DAYLIGHT,CLEAR,DRY,,FOUR-WAY INTERSECTION,STRAIGHT/LEVEL,ASPHALT,FAILURE TO YIELD RIGHT OF WAY,UNDER $1001,LEFT TURN,ATWATERAVEWOODLAWNAVE,1,TRAFFIC CONTROL SIGNAL,2016-01-30 10:56:00,
BLOOMINGTON PD,B1603972,MONROE,BLOOMINGTON,BLOOMINGTON,1,0.0,1.0,0,0,2100.0,N WALNUT,ST,,,,N WALNUT,,,,,Y,,,,39.232544,-86.540704,LOCAL/CITY RD,,N,N,URBAN,N,N,N,,DAYLIGHT,CLEAR,DRY,,T-INTERSECTION,STRAIGHT/LEVEL,ASPHALT,PEDESTRIAN ACTION,UNDER $1001,RIGHT ANGLE,NWALNUTST,1,NONE,2016-01-30 16:07:00,
BLOOMINGTON PD,B1622783,MONROE,PERRY,BLOOMINGTON,1,0.0,1.0,0,0,,LAURA,WAY,,,,LAURA,JENNIFER,,,,Y,,300.0,N,39.15893339,-86.51879981,LOCAL/CITY RD,,N,N,URBAN,N,N,N,,DAYLIGHT,CLEAR,DRY,,NO JUNCTION INVOLVED,CURVE/GRADE,ASPHALT,DRIVER DISTRACTED - EXPLAIN IN NARRATIVE,$1001 TO $2500,REAR END,JENNIFERDRLAURAWAY,1,NONE,2016-06-15 08:38:00,
BLOOMINGTON PD,B1617903,MONROE,BLOOMINGTON,BLOOMINGTON,1,0.0,1.0,0,0,,3RD,ST,,,,3RD,KINGSTON,,,,Y,,,,39.16424,-86.492944,LOCAL/CITY RD,Y,N,N,URBAN,N,N,N,,DAYLIGHT,CLOUDY,DRY,,FOUR-WAY INTERSECTION,STRAIGHT/LEVEL,ASPHALT,FAILURE TO YIELD RIGHT OF WAY,$1001 TO $2500,LEFT TURN,KINGSTONDR3RDST,1,TRAFFIC CONTROL SIGNAL,2016-05-11 08:47:00,
INDIANA UNIV BLOOMINGTON PD,162967,MONROE,BLOOMINGTON,BLOOMINGTON,1,0.0,0.0,0,0,1809.0,E 10TH,ST,,,,E 10TH,,,,,Y,,,,39.17148166,-86.51025546,LOCAL/CITY RD,,N,N,URBAN,N,N,N,,DAYLIGHT,CLEAR,DRY,,T-INTERSECTION,STRAIGHT/LEVEL,ASPHALT,FAILURE TO YIELD RIGHT OF WAY,$2501 TO $5000,RIGHT TURN,E 10THST,1,LN CONTROL,2016-11-20 08:06:00,
INDIANA UNIV BLOOMINGTON PD,172044,MONROE,BLOOMINGTON,BLOOMINGTON,1,0.0,0.0,0,0,,,,ST RD 46E,,,ST RD 46E,E 10TH,,,,Y,,,,39.171648,-86.502096,ST RD,Y,N,N,URBAN,Y,N,N,,DAYLIGHT,CLEAR,DRY,,FOUR-WAY INTERSECTION,STRAIGHT/LEVEL,ASPHALT,FAILURE TO YIELD RIGHT OF WAY,UNDER $1001,RIGHT ANGLE,E 10THSTST RD 46E,1,TRAFFIC CONTROL SIGNAL,2017-09-09 10:23:00,
INDIANA UNIV BLOOMINGTON PD,172864,MONROE,BLOOMINGTON,BLOOMINGTON,1,0.0,0.0,0,0,,10TH,ST,,,,10TH,,,,,Y,,,,39.171648,-86.502096,LOCAL/CITY RD,Y,N,N,URBAN,N,N,N,,DAYLIGHT,CLEAR,DRY,,FOUR-WAY INTERSECTION,STRAIGHT/LEVEL,ASPHALT,FAILURE TO YIELD RIGHT OF WAY,UNDER $1001,LEFT/RIGHT TURN,10THSTST RD 46,1,TRAFFIC CONTROL SIGNAL,2017-11-16 17:18:00,
BLOOMINGTON PD,B1811344,MONROE,BLOOMINGTON,BLOOMINGTON,2,0.0,0.0,0,0,,HENDERSON,ST,,,,HENDERSON,SMITH,,,,Y,OTHER,100.0,N,39.173549,-86.52727,LOCAL/CITY RD,,N,Y,URBAN,N,N,N,,DAYLIGHT,CLEAR,DRY,,NO JUNCTION INVOLVED,STRAIGHT/GRADE,ASPHALT,FAILURE TO YIELD RIGHT OF WAY,$1001 TO $2500,RIGHT ANGLE,HENDERSONSTSMITHAVE,0,NONE,2018-03-22 10:34:00,
BLOOMINGTON PD,B1742284,MONROE,PERRY,BLOOMINGTON,1,0.0,1.0,0,0,,WALNUT,ST,,,,WALNUT,BURKS,,,,Y,,,,39.12667,-86.53137,LOCAL/CITY RD,,N,N,URBAN,N,N,N,,DAYLIGHT,CLEAR,DRY,,FOUR-WAY INTERSECTION,STRAIGHT/GRADE,ASPHALT,FAILURE TO YIELD RIGHT OF WAY,UNDER $1001,RIGHT ANGLE,BURKSDRWALNUTST,1,NONE,2017-10-14 15:30:00,
BLOOMINGTON PD,B1835392,MONROE,BLOOMINGTON,BLOOMINGTON,1,0.0,1.0,0,0,,ATWATER,AVE,,,,E ATWATER,CLIFTON,,,,Y,,,,0.0,0.0,LOCAL/CITY RD,,N,N,URBAN,N,N,N,,DAYLIGHT,CLEAR,DRY,,INTERCHANGE,STRAIGHT/GRADE,ASPHALT,DISREGARD SIGNAL/REG SIGN,$2501 TO $5000,RIGHT ANGLE,CLIFTONSTEATWATERAVE,1,STOP SIGN,2018-08-30 19:44:00,
MONROE SD,M18A26829,MONROE,BENTON,BLOOMINGTON,1,0.0,1.0,0,0,,ROBINSON,RD,,,,E ROBINSON,OLD STATE 37,,,,N,,1000.0,E,39.24028,-86.49935649,COUNTY RD,,N,N,URBAN,N,N,N,,DAYLIGHT,CLEAR,DRY,NONE,NO JUNCTION INVOLVED,CURVE/GRADE,ASPHALT,IMPROPER PASSING,$1001 TO $2500,SAME DIRECTION SIDESWIPE,EROBINSONRDNOLDSTATE37RD,1,NO PASSING ZONE,2018-09-06 17:23:00,
BLOOMINGTON PD,B1829175,MONROE,BLOOMINGTON,BLOOMINGTON,1,0.0,1.0,0,0,,MORTON,ST,,,,MORTON,6TH,,,,Y,,100.0,N,39.16793866,-86.536,,,N,Y,URBAN,N,N,N,,DAYLIGHT,CLOUDY,DRY,,NO JUNCTION INVOLVED,STRAIGHT/LEVEL,ASPHALT,OTHER (DRIVER) - EXPLAIN IN NARRATIVE,$10001 TO $25000,OTHER - EXPLAIN IN NARRATIVE,6THSTMORTONST,1,STOP SIGN,2018-07-21 11:14:00,
INDIANA UNIV BLOOMINGTON PD,182931,MONROE,BLOOMINGTON,BLOOMINGTON,1,0.0,0.0,0,0,2931.0,10TH,ST,,,,10TH,,,,,Y,OTHER,,,39.17156165,-86.49746718,OTHER,,N,N,URBAN,N,N,N,,DAYLIGHT,CLEAR,DRY,,NO JUNCTION INVOLVED,STRAIGHT/LEVEL,ASPHALT,UNSAFE BACKING,UNDER $1001,OTHER - EXPLAIN IN NARRATIVE,10THST,0,NONE,2018-11-30 14:30:00,
MONROE SD,M19A30247,MONROE,PERRY,BLOOMINGTON,1,0.0,1.0,0,0,,COUNTRY CLUB,DR,,,,COUNTRY CLUB,WALNUT,,,,N,,200.0,W,0.0,0.0,LOCAL/CITY RD,,N,N,URBAN,N,N,N,,DAYLIGHT,CLEAR,DRY,,FOUR-WAY INTERSECTION,STRAIGHT/GRADE,ASPHALT,FAILURE TO YIELD RIGHT OF WAY,$1001 TO $2500,RIGHT ANGLE,COUNTRYCLUBDRSWALNUTST,1,NONE,2019-09-12 16:00:00,
BLOOMINGTON PD,B1939407,MONROE,BLOOMINGTON,BLOOMINGTON,1,0.0,1.0,0,0,,2ND,ST,,,,W 2ND,PATTERSON,,,,Y,,,,0.0,0.0,LOCAL/CITY RD,Y,N,N,URBAN,N,N,N,,DAYLIGHT,CLEAR,DRY,,FOUR-WAY INTERSECTION,STRAIGHT/LEVEL,CONCRETE,FAILURE TO YIELD RIGHT OF WAY,UNDER $1001,RIGHT TURN,SPATTERSONDRW 2NDST,1,TRAFFIC CONTROL SIGNAL,2019-09-17 15:25:00,
INDIANA UNIV BLOOMINGTON PD,191938,MONROE,BLOOMINGTON,BLOOMINGTON,1,0.0,0.0,0,0,,WOODLAWN,AVE,,,,WOODLAWN,3RD,,,,Y,,,,,,LOCAL/CITY RD,Y,N,N,URBAN,N,N,N,,DAYLIGHT,CLEAR,DRY,,T-INTERSECTION,STRAIGHT/LEVEL,ASPHALT,FAILURE TO YIELD RIGHT OF WAY,UNDER $1001,LEFT TURN,3RDSTWOODLAWNAVE,1,TRAFFIC CONTROL SIGNAL,2019-09-12 17:36:00,
INDIANA UNIV BLOOMINGTON PD,201048,MONROE,BLOOMINGTON,BLOOMINGTON,1,0.0,1.0,0,0,,COTTAGE GROVE,ST,,,,COTTAGE GROVE,WOODLAWN,,,,Y,,,,39.17253,-86.52352,LOCAL/CITY RD,,N,N,URBAN,N,N,N,,DAYLIGHT,CLEAR,DRY,,NO JUNCTION INVOLVED,STRAIGHT/LEVEL,ASPHALT,FAILURE TO YIELD RIGHT OF WAY,UNDER $1001,SAME DIRECTION SIDESWIPE,COTTAGEGROVESTWOODLAWNAVE,1,NONE,2020-06-11 12:00:00,
BLOOMINGTON PD,B2029869,MONROE,BLOOMINGTON,BLOOMINGTON,1,0.0,1.0,0,0,,S WASHINGTON,ST,,,,S WASHINGTON,E 2ND,,,,Y,,300.0,N,39.1930787,-86.532394,LOCAL/CITY RD,,N,N,URBAN,N,N,N,,DAYLIGHT,CLEAR,DRY,,NO JUNCTION INVOLVED,STRAIGHT/LEVEL,ASPHALT,WRONG WAY ON ONE WAY,UNDER $1001,RIGHT TURN,E 2NDSTSWASHINGTONST,1,NONE,2020-08-20 13:53:00,
BLOOMINGTON PD,B2039889,MONROE,PERRY,BLOOMINGTON,1,0.0,1.0,0,0,,E WINSLOW,RD,,,,E WINSLOW,305 E WINSLOW,,,,Y,,,,39.136144,-86.508096,LOCAL/CITY RD,,N,N,URBAN,N,N,N,,DARK (NOT LIGHTED),CLEAR,DRY,,T-INTERSECTION,STRAIGHT/GRADE,ASPHALT,FAILURE TO YIELD RIGHT OF WAY,UNDER $1001,LEFT TURN,305EWINSLOWRDEWINSLOWRD,1,NONE,2020-11-03 19:58:00,
BLOOMINGTON PD,B2005860,MONROE,BLOOMINGTON,BLOOMINGTON,1,0.0,1.0,0,0,,DUNN,ST,,,,DUNN,17TH,,,,Y,,,,39.17904,-86.5284,LOCAL/CITY RD,Y,N,N,URBAN,N,N,N,,DAYLIGHT,CLOUDY,WET,,FOUR-WAY INTERSECTION,STRAIGHT/GRADE,ASPHALT,FAILURE TO YIELD RIGHT OF WAY,$2501 TO $5000,LEFT TURN,17THSTDUNNST,1,TRAFFIC CONTROL SIGNAL,2020-02-09 08:03:00,
BLOOMINGTON PD,B2025803,MONROE,BLOOMINGTON,BLOOMINGTON,1,0.0,0.0,0,0,,DUNN,ST,,,,DUNN,E 17TH,,,,Y,,,,39.17901,-86.52833,,Y,N,Y,URBAN,N,N,N,,DAYLIGHT,CLEAR,DRY,,FOUR-WAY INTERSECTION,STRAIGHT/LEVEL,ASPHALT,IMPROPER TURNING,UNDER $1001,,DUNNSTEAST17THST,1,TRAFFIC CONTROL SIGNAL,2020-07-17 18:19:00,
INDIANA UNIV BLOOMINGTON PD,211352,MONROE,BLOOMINGTON,BLOOMINGTON,1,0.0,1.0,0,0,,EAGLESON AVE,AVE,,,,EAGLESON AVE,E 7TH,,,,Y,,,,39.168853,-86.516143,LOCAL/CITY RD,,N,N,URBAN,N,N,N,,DAYLIGHT,CLEAR,DRY,,FOUR-WAY INTERSECTION,STRAIGHT/GRADE,ASPHALT,FAILURE TO YIELD RIGHT OF WAY,$1001 TO $2500,RIGHT TURN,E7THSTEAGLESON AVEAVE,1,STOP SIGN,2021-05-24 15:55:00,
BLOOMINGTON PD,B2131996,MONROE,BLOOMINGTON,BLOOMINGTON,1,0.0,1.0,0,0,,N INDIANA,AVE,,,,N INDIANA,E 13TH,,,,Y,,,,39.175504,-86.527104,LOCAL/CITY RD,,N,N,URBAN,N,N,N,,DAYLIGHT,CLEAR,DRY,,FOUR-WAY INTERSECTION,STRAIGHT/LEVEL,ASPHALT,DISREGARD SIGNAL/REG SIGN,UNDER $1001,SAME DIRECTION SIDESWIPE,E13THSTNINDIANAAVE,1,STOP SIGN,2021-09-09 18:15:00,
BLOOMINGTON PD,B2133872,MONROE,BLOOMINGTON,BLOOMINGTON,1,0.0,1.0,0,0,,N WOODLAWN,AVE,,,,N WOODLAWN,E 11TH,,,,Y,,,,39.17344,-86.523616,LOCAL/CITY RD,,N,N,URBAN,N,N,N,,DAYLIGHT,RAIN,WET,,FOUR-WAY INTERSECTION,STRAIGHT/GRADE,ASPHALT,DISREGARD SIGNAL/REG SIGN,UNDER $1001,COLLISION WITH OBJECT IN RD,EAST11THSTNORTHWOODLAWNAVE,1,STOP SIGN,2021-09-22 18:29:00,
INDIANA UNIV BLOOMINGTON PD,223127,MONROE,BLOOMINGTON,BLOOMINGTON,1,,1.0,0,0,,E 9TH ST,,,,,E 9TH ST,N WOODLAWN AVE,,,,Y,,0.0,,39.17042211,-86.5235079,LOCAL/CITY RD,,,,URBAN,N,N,N,,DAYLIGHT,CLEAR,DRY,,T-INTERSECTION,,ASPHALT,FAILURE TO YIELD RIGHT OF WAY,UNDER $1001,RIGHT TURN,NWOODLAWNAVEE9THST,1,,2022-09-07 11:30:00,
ELLETTSVILLE PD,E1400285,MONROE,RICHLAND,ELLETTSVILLE,1,0.0,1.0,0,0,5621.0,,,ST RD 46 W,,,ST RD 46 W,,,,,Y,PRIVATE,,,39.2512,-86.652504,ST RD,,N,N,URBAN,N,N,N,,DARK (NOT LIGHTED),CLEAR,DRY,NONE,T-INTERSECTION,STRAIGHT/LEVEL,ASPHALT,HEADLIGHT DEFECTIVE OR NOT ON,UNDER $1001,RIGHT ANGLE,ST RD 46 W,1,NONE,2014-10-11 20:37:00,
BLOOMINGTON PD,92813166,MONROE,PERRY,BLOOMINGTON,1,0.0,1.0,0,0,,GRIMES,LN,,,,GRIMES LN,HENDERSON,,,,Y,OTHER,,,39.153392,-86.527008,LOCAL/CITY RD,,N,N,URBAN,N,N,N,,DAYLIGHT,CLEAR,DRY,NONE,FOUR-WAY INTERSECTION,STRAIGHT/GRADE,ASPHALT,DISREGARD SIGNAL/REG SIGN,UNDER $1001,RIGHT ANGLE,GRIMESLNHENDERSONST,1,STOP SIGN,2013-09-28 14:55:00,
BLOOMINGTON PD,42114233,MONROE,PERRY,BLOOMINGTON,1,0.0,1.0,0,0,,FIRST,ST,,,,FIRST,MORTON,,,,Y,OTHER,,,39.159472,-86.536272,LOCAL/CITY RD,,N,N,URBAN,N,N,N,,DAYLIGHT,CLEAR,DRY,NONE,FOUR-WAY INTERSECTION,STRAIGHT/GRADE,ASPHALT,FAILURE TO YIELD RIGHT OF WAY,UNDER $1001,RIGHT ANGLE,FIRSTSTMORTONST,1,YIELD SIGN,2014-04-21 17:54:00,
INDIANA UNIV BLOOMINGTON PD,140860,MONROE,PERRY,BLOOMINGTON,1,0.0,0.0,0,0,,HAWTHORNE,LN,,,,HAWTHORNE LN,ATWATER,,,,Y,OTHER,222.0,N,39.16370074,-86.52020885,LOCAL/CITY RD,,N,N,URBAN,N,N,N,,DAYLIGHT,CLOUDY,DRY,NONE,FOUR-WAY INTERSECTION,STRAIGHT/GRADE,ASPHALT,FAILURE TO YIELD RIGHT OF WAY,UNDER $1001,RIGHT ANGLE,ATWATERAVEHAWTHORNELN,1,LN CONTROL,2014-03-25 17:31:00,
BLOOMINGTON PD,50714201,MONROE,BLOOMINGTON,BLOOMINGTON,1,0.0,1.0,0,0,,S WALNUT,ST,,,,S WALNUT ST,2ND,,,,Y,OTHER,,,39.16140027,-86.53362974,LOCAL/CITY RD,Y,N,N,URBAN,N,N,N,,DAYLIGHT,CLEAR,DRY,NONE,FOUR-WAY INTERSECTION,STRAIGHT/HILLCREST,ASPHALT,FAILURE TO YIELD RIGHT OF WAY,UNDER $1001,LEFT/RIGHT TURN,2NDSTSOUTHWALNUTST,1,TRAFFIC CONTROL SIGNAL,2014-05-07 17:17:00,
INDIANA UNIV BLOOMINGTON PD,150022,MONROE,PERRY,BLOOMINGTON,1,0.0,1.0,0,0,,HIGH,,,,,HIGH,ATWATER,,,,Y,,,,39.16311481,-86.50846175,LOCAL/CITY RD,,N,N,URBAN,N,N,N,,DARK (NOT LIGHTED),CLEAR,DRY,NONE,T-INTERSECTION,STRAIGHT/LEVEL,ASPHALT,OTHER (DRIVER) - EXPLAIN IN NARRATIVE,$1001 TO $2500,REAR END,ATWATERAVEHIGHST,1,NONE,2015-01-08 18:09:00,
INDIANA UNIV BLOOMINGTON PD,143262,MONROE,BLOOMINGTON,BLOOMINGTON,1,0.0,1.0,0,0,,E 17TH,,,,,E 17TH,INDIANA,,,,Y,PRIVATE,,,39.17903251,-86.52706252,LOCAL/CITY RD,,N,N,URBAN,N,N,N,,DAYLIGHT,CLEAR,DRY,NONE,T-INTERSECTION,STRAIGHT/LEVEL,ASPHALT,IMPROPER TURNING,UNDER $1001,LEFT TURN,EAST17THSTINDIANAAVE,1,NONE,2014-11-14 16:48:00,
BLOOMINGTON PD,B1519434,MONROE,BLOOMINGTON,BLOOMINGTON,1,0.0,4.0,0,0,,S WALNUT,ST,,,,S WALNUT,4TH,,,,Y,OTHER,,,39.165648,-86.5336,LOCAL/CITY RD,Y,Y,N,URBAN,N,N,N,,DAYLIGHT,CLEAR,DRY,,FOUR-WAY INTERSECTION,STRAIGHT/GRADE,ASPHALT,DISREGARD SIGNAL/REG SIGN,$10001 TO $25000,RIGHT ANGLE,4THSTSWALNUTST,1,TRAFFIC CONTROL SIGNAL,2015-05-12 19:36:00,
BLOOMINGTON PD,B1544580,MONROE,BLOOMINGTON,BLOOMINGTON,1,0.0,1.0,0,0,,KIRKWOOD,AVE,,,,KIRKWOOD,WASHINGTON,,,,Y,,,,39.16664,-86.5324,LOCAL/CITY RD,,N,N,URBAN,N,N,N,,DAYLIGHT,CLEAR,DRY,,FOUR-WAY INTERSECTION,STRAIGHT/GRADE,ASPHALT,DISREGARD SIGNAL/REG SIGN,UNDER $1001,RIGHT ANGLE,KIRKWOODAVEWASHINGTONST,1,STOP SIGN,2015-10-18 18:12:00,
INDIANA UNIV BLOOMINGTON PD,152332,MONROE,BLOOMINGTON,BLOOMINGTON,1,0.0,1.0,0,0,,3RD,ST,,,,3RD,BALLANTINE,,,,Y,,,,39.16427024,-86.51912972,LOCAL/CITY RD,,N,N,URBAN,N,N,N,,DAYLIGHT,CLEAR,DRY,,T-INTERSECTION,STRAIGHT/LEVEL,ASPHALT,FAILURE TO YIELD RIGHT OF WAY,$1001 TO $2500,RIGHT ANGLE,3RDSTBALLANTINERD,1,NONE,2015-09-16 09:55:00,
BLOOMINGTON PD,B1549219,MONROE,BLOOMINGTON,BLOOMINGTON,1,0.0,1.0,0,0,,WALNUT,ST,,,,WALNUT,FRITZ,,,,Y,,,,39.191248,-86.532896,LOCAL/CITY RD,,N,N,URBAN,N,N,N,,DARK (LIGHTED),CLEAR,WET,,NO JUNCTION INVOLVED,STRAIGHT/LEVEL,CONCRETE,FAILURE TO YIELD RIGHT OF WAY,UNDER $1001,LEFT TURN,FRITZDRWALNUTST,1,NONE,2015-11-17 17:56:00,
BLOOMINGTON PD,B1547095,MONROE,RICHLAND,BLOOMINGTON,1,0.0,1.0,0,0,,,,ST RD 48W,,,ST RD 48W,HICKORY,,,,Y,,,,39.164832,-86.585856,ST RD,,N,N,URBAN,N,N,N,,DARK (NOT LIGHTED),CLEAR,DRY,,NO JUNCTION INVOLVED,STRAIGHT/LEVEL,ASPHALT,FAILURE TO YIELD RIGHT OF WAY,$1001 TO $2500,LEFT TURN,HICKORYDRST RD 48W,1,NONE,2015-11-03 17:51:00,
BLOOMINGTON PD,B1607822,MONROE,BLOOMINGTON,BLOOMINGTON,1,0.0,1.0,0,0,,COTTAGE,GRV,,,,COTTAGE,FESS,,,,Y,,,,39.17264,-86.525776,LOCAL/CITY RD,,N,N,URBAN,N,N,N,,DARK (NOT LIGHTED),CLEAR,DRY,,NO JUNCTION INVOLVED,STRAIGHT/GRADE,ASPHALT,HEADLIGHT DEFECTIVE OR NOT ON,$1001 TO $2500,RIGHT ANGLE,COTTAGEGRVFESSAVE,1,STOP SIGN,2016-02-29 22:56:00,