Agency,Local Code,County,Township,City,Vehicles Involved,Trailers Involved,Number Injured,Number Dead,Number Deer,House Number,Roadway Name,Roadway Suffix,Roadway Number,Roadway Interchange,Roadway Ramp,Roadway Id,Intersecting Road,Intersecting Road Number,Mile Marker,Interchange,Corporate Limits?,Property Type,Feet From,Direction,Latitude,Longitude,Roadway Class,Traffic Control Devices?,Aggressive Driving?,Hit and Run?,Locality,School Zone?,Rumble Strips?,Construction?,Construction Type,Light Condition,Weather Conditions,Surface Condition,Type of Median,Roadway Junction Type,Road Character,Roadway Surface,Primary Factor,Damage Estimate,Manner of Collision,Unique Location Id,State Property Damage?,Traffic Control,DateTime,Address Number
BLOOMINGTON PD,B1610398,MONROE,BLOOMINGTON,BLOOMINGTON,1,0.0,1.0,0,0,,3RD,ST,,,,3RD,LANDMARK,,,,Y,,,,39.16442983,-86.55630983,LOCAL/CITY RD,Y,N,N,URBAN,N,N,N,,DAYLIGHT,CLOUDY,WET,,T-INTERSECTION,STRAIGHT/GRADE,ASPHALT,IMPROPER LN USAGE,$1001 TO $2500,RIGHT ANGLE,3RDSTLANDMARKAVE,1,TRAFFIC CONTROL SIGNAL,2016-03-19 11:39:00,
BLOOMINGTON PD,B1604547,MONROE,BLOOMINGTON,BLOOMINGTON,1,0.0,1.0,0,0,,17TH,ST,,,,17TH,WILLIS,,,,Y,,,,39.179104,-86.544016,LOCAL/CITY RD,,N,Y,URBAN,N,N,N,,DARK (LIGHTED),CLEAR,WET,,NO JUNCTION INVOLVED,STRAIGHT/LEVEL,ASPHALT,OTHER (DRIVER) - EXPLAIN IN NARRATIVE,UNDER $1001,REAR END,17THSTWILLISDR,1,NONE,2016-02-03 22:55:00,
INDIANA UNIV BLOOMINGTON PD,162234,MONROE,BLOOMINGTON,BLOOMINGTON,2,0.0,2.0,0,0,,E TENTH,ST,,,,E TENTH,N SUNRISE,,,,Y,,,,39.17157993,-86.51247985,LOCAL/CITY RD,Y,N,N,URBAN,N,N,N,,DAYLIGHT,CLEAR,DRY,,FOUR-WAY INTERSECTION,STRAIGHT/LEVEL,ASPHALT,DISREGARD SIGNAL/REG SIGN,$5001 TO $10000,RIGHT ANGLE,EASTTENTHSTNORTHSUNRISEDR,1,TRAFFIC CONTROL SIGNAL,2016-09-22 11:47:00,
INDIANA UNIV BLOOMINGTON PD,162477,MONROE,BLOOMINGTON,BLOOMINGTON,1,0.0,0.0,0,0,,WOODLAWN,AVE,,,,WOODLAWN,8TH,,,,Y,OTHER,,,39.169552,-86.52344,LOCAL/CITY RD,,N,N,URBAN,N,N,N,,DARK (LIGHTED),RAIN,WET,NONE,FOUR-WAY INTERSECTION,STRAIGHT/LEVEL,ASPHALT,FAILURE TO YIELD RIGHT OF WAY,UNDER $1001,RIGHT TURN,8THSTWOODLAWNAVE,1,STOP SIGN,2016-10-12 19:50:00,
MONROE SD,M17A18799,MONROE,VAN BUREN,BLOOMINGTON,1,0.0,1.0,0,0,,,,ST RD 45 W,,,ST RD 45 W,AIRPORT,,,,N,OTHER,,,39.136848,-86.593792,ST RD,Y,N,Y,RURAL,N,Y,N,,DARK (NOT LIGHTED),CLOUDY,DRY,NONE,T-INTERSECTION,STRAIGHT/LEVEL,ASPHALT,FAILURE TO YIELD RIGHT OF WAY,$5001 TO $10000,SAME DIRECTION SIDESWIPE,AIRPORTRDST RD 45 W,1,TRAFFIC CONTROL SIGNAL,2017-08-08 22:48:00,
INDIANA UNIV BLOOMINGTON PD,170942,MONROE,BLOOMINGTON,BLOOMINGTON,1,0.0,1.0,0,0,,10TH,ST,,,,10TH,UNION,,,,Y,,300.0,E,39.1714572,-86.50831763,LOCAL/CITY RD,,N,N,URBAN,N,N,N,,DAYLIGHT,CLEAR,DRY,,NO JUNCTION INVOLVED,STRAIGHT/LEVEL,ASPHALT,FAILURE TO YIELD RIGHT OF WAY,$2501 TO $5000,RIGHT ANGLE,10THSTUNIONST,1,NONE,2017-04-13 13:07:00,
INDIANA UNIV BLOOMINGTON PD,172925,MONROE,BLOOMINGTON,BLOOMINGTON,1,0.0,1.0,0,0,,E 7TH,ST,,,,E 7TH,N EAGLESON AVE,,,,Y,,,,39.168944,-86.516016,LOCAL/CITY RD,,N,N,URBAN,N,N,N,,DAYLIGHT,CLOUDY,DRY,,NO JUNCTION INVOLVED,STRAIGHT/GRADE,ASPHALT,IMPROPER PASSING,UNDER $1001,OTHER - EXPLAIN IN NARRATIVE,E7THSTNEAGLESON AVEAVE,1,NONE,2017-11-29 15:40:00,
BLOOMINGTON PD,B1812355,MONROE,BLOOMINGTON,BLOOMINGTON,1,0.0,1.0,0,0,,E 10TH,ST,,,,E 10TH,N GRANT,,,,Y,,,,39.171696,-86.529696,LOCAL/CITY RD,,N,N,URBAN,N,N,N,,DAYLIGHT,RAIN,WET,,FOUR-WAY INTERSECTION,STRAIGHT/GRADE,ASPHALT,FAILURE TO YIELD RIGHT OF WAY,$1001 TO $2500,RIGHT ANGLE,E 10THSTNGRANTST,1,STOP SIGN,2018-03-29 13:22:00,
BLOOMINGTON PD,B1743998,MONROE,BLOOMINGTON,BLOOMINGTON,1,0.0,1.0,0,0,,MADISON,ST,,,,MADISON,14TH,,,,Y,,,,39.176048,-86.537696,LOCAL/CITY RD,,N,N,URBAN,N,N,N,,DAYLIGHT,CLEAR,DRY,,T-INTERSECTION,CURVE/GRADE,ASPHALT,PEDESTRIAN ACTION,UNDER $1001,RIGHT TURN,14THSTMADISONST,1,STOP SIGN,2017-10-26 08:45:00,
BLOOMINGTON PD,B1748882,MONROE,PERRY,BLOOMINGTON,1,0.0,1.0,0,0,,2ND,ST,,,,2ND,MORTON,,,,Y,,,,39.161472,-86.53624,LOCAL/CITY RD,,N,N,URBAN,N,N,N,,DAYLIGHT,RAIN,WET,,NO JUNCTION INVOLVED,STRAIGHT/LEVEL,ASPHALT,FAILURE TO YIELD RIGHT OF WAY,UNDER $1001,RIGHT ANGLE,2NDSTMORTONST,1,STOP SIGN,2017-11-30 11:11:00,
BLOOMINGTON PD,B1807702,MONROE,BLOOMINGTON,BLOOMINGTON,1,0.0,0.0,0,0,,N WALNUT,ST,,,,N WALNUT,E 19TH,,,,Y,,,,39.181552,-86.5336,LOCAL/CITY RD,,N,N,URBAN,N,N,N,,DAYLIGHT,CLEAR,DRY,,T-INTERSECTION,STRAIGHT/LEVEL,ASPHALT,FAILURE TO YIELD RIGHT OF WAY,UNDER $1001,RIGHT ANGLE,E19THSTNWALNUTST,1,OTHER,2018-02-25 14:56:00,
BLOOMINGTON PD,B1748236,MONROE,BLOOMINGTON,BLOOMINGTON,1,0.0,1.0,0,0,,,,ST RD 46 W,,,ST RD 46 W,N WALNUT,,,,Y,,,,39.186368,-86.5344,ST RD,Y,N,N,URBAN,N,N,N,,DAYLIGHT,CLEAR,DRY,,FOUR-WAY INTERSECTION,STRAIGHT/LEVEL,ASPHALT,DISREGARD SIGNAL/REG SIGN,UNDER $1001,RIGHT ANGLE,NWALNUTSTST RD 46 W,1,TRAFFIC CONTROL SIGNAL,2017-11-25 15:20:00,
BLOOMINGTON PD,B1840370,MONROE,BLOOMINGTON,BLOOMINGTON,1,0.0,1.0,0,0,1202.0,S WALNUT,ST,,,,S WALNUT,,,,,Y,,,,39.17785115,-86.53340784,LOCAL/CITY RD,,N,N,URBAN,N,N,N,,DAYLIGHT,CLEAR,DRY,,NO JUNCTION INVOLVED,STRAIGHT/LEVEL,ASPHALT,FAILURE TO YIELD RIGHT OF WAY,$1001 TO $2500,RIGHT ANGLE,SWALNUTST,1,NONE,2018-10-01 12:20:00,
BLOOMINGTON PD,B1834898,MONROE,BLOOMINGTON,BLOOMINGTON,1,0.0,1.0,0,0,,W 17TH,ST,,,,W 17TH,N JACKSON,,,,Y,,,,39.179024,-86.539616,LOCAL/CITY RD,,N,N,URBAN,N,N,N,,DAYLIGHT,CLEAR,DRY,,FOUR-WAY INTERSECTION,STRAIGHT/GRADE,ASPHALT,FAILURE TO YIELD RIGHT OF WAY,UNDER $1001,OTHER - EXPLAIN IN NARRATIVE,NJACKSONSTW17THST,1,STOP SIGN,2018-08-27 16:09:00,
INDIANA UNIV BLOOMINGTON PD,182699,MONROE,BLOOMINGTON,BLOOMINGTON,1,0.0,1.0,0,0,,EAGLESON AVE,AVE,,,,EAGLESON AVE,TENTH,,,,Y,,547.0,S,39.11353278,-86.51568,LOCAL/CITY RD,,N,N,URBAN,N,N,N,,DARK (LIGHTED),RAIN,WET,,NO JUNCTION INVOLVED,STRAIGHT/LEVEL,ASPHALT,FAILURE TO YIELD RIGHT OF WAY,UNDER $1001,LEFT TURN,EAGLESON AVEAVETENTHST,1,NONE,2018-11-04 21:10:00,
MONROE SD,M19A15710,MONROE,BLOOMINGTON,BLOOMINGTON,1,0.0,0.0,1,0,,,,ST RD 45E,,,ST RD 45E,N RUSSELL,,,,N,,500.0,S,39.19897945,-86.46794293,ST RD,,N,Y,RURAL,N,Y,N,,DARK (NOT LIGHTED),CLEAR,DRY,,NO JUNCTION INVOLVED,STRAIGHT/GRADE,ASPHALT,OTHER (DRIVER) - EXPLAIN IN NARRATIVE,$1001 TO $2500,OTHER - EXPLAIN IN NARRATIVE,NORTHRUSSELLRDST RD 45E,1,NONE,2019-05-13 22:23:00,
INDIANA UNIV BLOOMINGTON PD,191032,MONROE,BLOOMINGTON,BLOOMINGTON,1,0.0,1.0,0,0,,INDIANA,AVE,,,,INDIANA,SIXTH,,,,Y,,,,39.16752,-86.52695,LOCAL/CITY RD,,N,N,URBAN,N,N,N,,DARK (NOT LIGHTED),RAIN,WET,,T-INTERSECTION,STRAIGHT/GRADE,ASPHALT,UNSAFE BACKING,UNDER $1001,BACKING CRASH,INDIANAAVESIXTHST,1,NONE,2019-04-25 22:33:00,
BLOOMINGTON PD,B1935858,MONROE,PERRY,BLOOMINGTON,1,0.0,1.0,0,0,,HILLSIDE,DR,,,,HILLSIDE,OLIVE,,,,Y,,,,39.150656,-86.5188,LOCAL/CITY RD,,N,N,URBAN,N,N,N,,DAYLIGHT,RAIN,WET,,FOUR-WAY INTERSECTION,STRAIGHT/GRADE,ASPHALT,FAILURE TO YIELD RIGHT OF WAY,UNDER $1001,RIGHT ANGLE,HILLSIDEDROLIVEST,1,STOP SIGN,2019-08-27 08:35:00,
BLOOMINGTON PD,B1937424,MONROE,BLOOMINGTON,BLOOMINGTON,1,0.0,0.0,0,0,,3RD,ST,,,,3RD,CORY,,,,Y,,,,39.164544,-86.560096,LOCAL/CITY RD,Y,N,N,URBAN,N,N,N,,DAYLIGHT,CLEAR,DRY,,T-INTERSECTION,STRAIGHT/LEVEL,ASPHALT,FAILURE TO YIELD RIGHT OF WAY,UNDER $1001,RIGHT ANGLE,3RDSTCORYLN,1,TRAFFIC CONTROL SIGNAL,2019-09-05 12:52:00,
BLOOMINGTON PD,B2034343,MONROE,PERRY,BLOOMINGTON,1,0.0,1.0,0,0,1919.0,S WALNUT,ST,,,,S WALNUT,,,,,Y,,,,39.145848,-86.532216,LOCAL/CITY RD,,N,N,URBAN,N,N,N,,DAYLIGHT,CLEAR,DRY,,T-INTERSECTION,STRAIGHT/LEVEL,ASPHALT,FAILURE TO YIELD RIGHT OF WAY,$1001 TO $2500,RIGHT ANGLE,SWALNUTST,1,NONE,2020-09-22 14:23:00,
BLOOMINGTON PD,B20-06304,MONROE,BLOOMINGTON,BLOOMINGTON,1,0.0,1.0,0,0,,S GRANT,ST,,,,S GRANT,E 3RD,,,,Y,,,,39.16464,-86.529728,LOCAL/CITY RD,,N,Y,URBAN,N,N,N,,DAYLIGHT,RAIN,WET,,FOUR-WAY INTERSECTION,STRAIGHT/GRADE,ASPHALT,FAILURE TO YIELD RIGHT OF WAY,UNDER $1001,LEFT TURN,E 3RDSTSGRANTST,1,STOP SIGN,2020-02-12 13:00:00,
INDIANA UNIV BLOOMINGTON PD,200604,MONROE,BLOOMINGTON,BLOOMINGTON,1,0.0,1.0,0,0,,PETE LLIS,DR,,,,PETE LLIS,,,,,Y,,,,0.0,0.0,LOCAL/CITY RD,Y,N,N,URBAN,N,N,N,,DARK (LIGHTED),CLEAR,DRY,,FOUR-WAY INTERSECTION,STRAIGHT/GRADE,ASPHALT,FAILURE TO YIELD RIGHT OF WAY,$1001 TO $2500,RIGHT ANGLE,PETEELLISDRST RD 45,1,TRAFFIC CONTROL SIGNAL,2020-02-27 21:00:00,
BLOOMINGTON PD,B2009473,MONROE,BLOOMINGTON,BLOOMINGTON,1,0.0,1.0,0,0,106.0,2ND,ST,,,,E 2ND,,,,,Y,,,,39.161088,-86.533223,LOCAL/CITY RD,,N,N,URBAN,N,N,N,,DAYLIGHT,CLEAR,DRY,,NO JUNCTION INVOLVED,STRAIGHT/LEVEL,ASPHALT,PEDESTRIAN ACTION,$1001 TO $2500,RIGHT ANGLE,E 2NDST,1,NONE,2020-03-03 17:22:00,
BLOOMINGTON PD,B2119587,MONROE,BLOOMINGTON,BLOOMINGTON,1,0.0,1.0,0,0,,E WINSLOW,RD,,,,E WINSLOW,S WALNUT ST,,,,Y,,,,39.135969,-86.528794,LOCAL/CITY RD,,Y,Y,URBAN,N,N,N,,DARK (LIGHTED),CLEAR,DRY,,T-INTERSECTION,STRAIGHT/LEVEL,ASPHALT,UNSAFE SPEED,UNDER $1001,OTHER - EXPLAIN IN NARRATIVE,EWINSLOWRDSWALNUTSTPK,1,NONE,2021-06-13 23:20:00,
BLOOMINGTON PD,B2138210,MONROE,BLOOMINGTON,BLOOMINGTON,1,0.0,1.0,0,0,,S FRANKLIN,RD,,,,S FRANKLIN,W 3RD,,,,Y,,,,39.164688,-86.5712,LOCAL/CITY RD,Y,N,N,URBAN,N,N,N,,DAYLIGHT,CLOUDY,DRY,,FOUR-WAY INTERSECTION,STRAIGHT/GRADE,CONCRETE,DISREGARD SIGNAL/REG SIGN,UNDER $1001,RIGHT TURN,SFRANKLINRDW 3RDST,1,TRAFFIC CONTROL SIGNAL,2021-10-23 17:40:00,
BLOOMINGTON PD,B2139467,MONROE,PERRY,BLOOMINGTON,1,0.0,1.0,0,0,,E 1ST,ST,,,,E 1ST,S BALLANTINE,,,,Y,,,,39.159344,-86.519088,LOCAL/CITY RD,,N,N,URBAN,Y,N,N,,DAYLIGHT,CLOUDY,DRY,,T-INTERSECTION,STRAIGHT/GRADE,ASPHALT,BRAKE FAILURE OR DEFECTIVE,$1001 TO $2500,RIGHT ANGLE,EAST1STSTSOUTHBALLANTINERD,1,STOP SIGN,2021-11-01 16:59:00,
BLOOMINGTON PD,B2125253,MONROE,PERRY,BLOOMINGTON,1,0.0,1.0,0,0,,COLLEGE MALL,RD,,,,COLLEGE MALL,ENTRANCE TO EASTLAND PLAZA,,,,Y,,,,39.1629776,-86.4979521,LOCAL/CITY RD,Y,N,N,URBAN,N,N,N,,DAYLIGHT,CLEAR,DRY,,FOUR-WAY INTERSECTION,STRAIGHT/GRADE,ASPHALT,FAILURE TO YIELD RIGHT OF WAY,$2501 TO $5000,RIGHT ANGLE,COLLEGEMALLRDENTRANCETOEASTLANDPLAZADR,1,TRAFFIC CONTROL SIGNAL,2021-07-23 09:05:00,
BLOOMINGTON PD,B22-37421,MONROE,BLOOMINGTON,BLOOMINGTON,1,,0.0,0,0,,W 7TH ST,,,,,W 7TH ST,B-LINE TRL,,,,Y,,0.0,,39.16861124,-86.5366688,LOCAL/CITY RD,,,,URBAN,N,N,N,,DAYLIGHT,CLEAR,DRY,,FOUR-WAY INTERSECTION,,ASPHALT,FAILURE TO YIELD RIGHT OF WAY,UNDER $1001,RIGHT ANGLE,W7THSTB-LINETRL,0,,2022-09-16 09:00:00,
MONROE SD,M22A22082,MONROE,PERRY,BLOOMINGTON,1,,1.0,0,0,,S HENDERSON ST,,,,,S HENDERSON ST,E ALLEN ST,,,,Y,,0.0,,39.15554711,-86.52703722,LOCAL/CITY RD,,,,RURAL,N,N,N,,DAYLIGHT,CLEAR,DRY,,FOUR-WAY INTERSECTION,,ASPHALT,FAILURE TO YIELD RIGHT OF WAY,UNDER $1001,SAME DIRECTION SIDESWIPE,SHENDERSONSTEALLENST,1,,2022-09-08 12:28:00,
BLOOMINGTON PD,B22-34507,MONROE,PERRY,BLOOMINGTON,1,,0.0,0,0,,E HILLSIDE DR,,,,,E HILLSIDE DR,S WALNUT ST,,,,Y,,0.0,,39.15052462,-86.53366274,LOCAL/CITY RD,,,,URBAN,N,N,N,,DAYLIGHT,CLEAR,DRY,,FOUR-WAY INTERSECTION,,ASPHALT,FAILURE TO YIELD RIGHT OF WAY,UNDER $1001,RIGHT ANGLE,SWALNUTSTEHILLSIDEDR,1,,2022-08-30 05:38:00,
ELLETTSVILLE PD,E1802904,MONROE,RICHLAND,ELLETTSVILLE,1,0.0,0.0,0,0,,46,HWY,,,,46,RIDGEWOOD,,,,Y,,,,39.217248,-86.598992,LOCAL/CITY RD,,N,N,URBAN,N,N,N,,DAYLIGHT,CLEAR,DRY,,T-INTERSECTION,STRAIGHT/GRADE,ASPHALT,FAILURE TO YIELD RIGHT OF WAY,UNDER $1001,RIGHT ANGLE,46HWYRIDGEWOODDR,1,STOP SIGN,2018-06-05 11:56:00,
BLOOMINGTON PD,30613043,MONROE,BLOOMINGTON,BLOOMINGTON,2,0.0,0.0,0,0,,E 2ND,ST,,,,E 2ND ST,WOODLAWN,,,,Y,OTHER,,,39.16106969,-86.52264006,LOCAL/CITY RD,,N,N,URBAN,Y,N,N,,DAYLIGHT,CLOUDY,SNOW/SLUSH,NONE,FOUR-WAY INTERSECTION,STRAIGHT/GRADE,ASPHALT,FAILURE TO YIELD RIGHT OF WAY,$2501 TO $5000,RIGHT ANGLE,E 2NDSTWOODLAWNAVE,0,STOP SIGN,2013-03-06 08:49:00,
BLOOMINGTON PD,102813029,MONROE,PERRY,BLOOMINGTON,1,0.0,1.0,0,0,,2ND,ST,,,,2ND ST,WALNUT,,,,Y,OTHER,,,39.16140027,-86.53362974,LOCAL/CITY RD,Y,N,N,URBAN,N,N,N,,DAWN/DUSK,CLEAR,DRY,NONE,FOUR-WAY INTERSECTION,STRAIGHT/LEVEL,CONCRETE,FAILURE TO YIELD RIGHT OF WAY,UNDER $1001,LEFT TURN,2NDSTWALNUTST,1,TRAFFIC CONTROL SIGNAL,2013-10-28 07:24:00,
BLOOMINGTON PD,92113099,MONROE,PERRY,BLOOMINGTON,2,0.0,2.0,0,0,,S WALNUT,ST,,,,S WALNUT ST,NORTH,,,,Y,OTHER,300.0,N,39.144752,-86.531888,LOCAL/CITY RD,,N,N,URBAN,N,N,N,,DAYLIGHT,CLOUDY,DRY,NONE,NO JUNCTION INVOLVED,STRAIGHT/LEVEL,ASPHALT,DRIVER DISTRACTED - EXPLAIN IN NARRATIVE,$2501 TO $5000,REAR END,NORTHDRSWALNUTST,0,NO PASSING ZONE,2013-09-21 09:20:00,
INDIANA UNIV BLOOMINGTON PD,132261,MONROE,BLOOMINGTON,BLOOMINGTON,1,0.0,1.0,0,0,,LAW,LN,,,,LAW LN,UNION,,,,Y,OTHER,1056.0,W,39.17234033,-86.50956883,LOCAL/CITY RD,,N,N,URBAN,N,N,N,,DAYLIGHT,CLEAR,DRY,NONE,NO JUNCTION INVOLVED,STRAIGHT/LEVEL,ASPHALT,UNSAFE LN MOVEMENT,UNDER $1001,LEFT TURN,LAWLNUNIONST,1,NONE,2013-09-03 17:30:00,
BLOOMINGTON PD,110913156,MONROE,PERRY,BLOOMINGTON,2,0.0,0.0,0,0,,ATWATER,AVE,,,,ATWATER AVE,MITCHELL,,,,Y,OTHER,,,39.16308001,-86.5141797,LOCAL/CITY RD,,N,N,URBAN,N,N,N,,DAYLIGHT,CLEAR,DRY,NONE,FOUR-WAY INTERSECTION,STRAIGHT/LEVEL,ASPHALT,FAILURE TO YIELD RIGHT OF WAY,$2501 TO $5000,SAME DIRECTION SIDESWIPE,ATWATERAVEMITCHELLST,0,NO PASSING ZONE,2013-11-09 13:04:00,
INDIANA UNIV BLOOMINGTON PD,132898,MONROE,BLOOMINGTON,BLOOMINGTON,1,0.0,1.0,0,0,,EAGLESON AVE,AVE,,,,EAGLESON AVE,7TH,,,,Y,OTHER,,,39.16885011,-86.51615984,LOCAL/CITY RD,,N,N,URBAN,N,N,N,,DARK (LIGHTED),RAIN,WET,NONE,FOUR-WAY INTERSECTION,STRAIGHT/GRADE,ASPHALT,FAILURE TO YIELD RIGHT OF WAY,UNDER $1001,RIGHT ANGLE,7THSTEAGLESON AVEAVE,1,STOP SIGN,2013-10-22 19:51:00,
INDIANA UNIV BLOOMINGTON PD,132256,MONROE,BLOOMINGTON,BLOOMINGTON,1,0.0,1.0,0,0,,EAGLESON AVE,AVE,,,,EAGLESON AVE,READ N,,,,Y,OTHER,,,39.16716892,-86.51593924,LOCAL/CITY RD,,N,N,URBAN,N,N,N,,DAYLIGHT,CLEAR,DRY,CENTER STRAND BARRIER,TRAFFIC CIRCLE/ROUNDABOUT,CURVE/GRADE,ASPHALT,FAILURE TO YIELD RIGHT OF WAY,$10001 TO $25000,LEFT TURN,EAGLESON AVEAVEREADNCIR,1,LN CONTROL,2013-08-21 10:45:00,
BLOOMINGTON PD,82913246,MONROE,BLOOMINGTON,BLOOMINGTON,1,0.0,1.0,0,0,,KIRKWOOD,AVE,,,,KIRKWOOD AVE,GRANT,,,,Y,PRIVATE,,,39.16655011,-86.52981027,LOCAL/CITY RD,,N,N,URBAN,N,N,N,,DAYLIGHT,CLEAR,DRY,NONE,FOUR-WAY INTERSECTION,STRAIGHT/LEVEL,ASPHALT,FAILURE TO YIELD RIGHT OF WAY,UNDER $1001,LEFT/RIGHT TURN,GRANTSTKIRKWOODAVE,1,STOP SIGN,2013-08-29 15:44:00,
BLOOMINGTON PD,61113248,MONROE,BLOOMINGTON,BLOOMINGTON,1,0.0,1.0,0,0,,KIRKWOOD,AVE,,,,KIRKWOOD AVE,N WALNUT,,,,Y,OTHER,,,39.16664,-86.5336,LOCAL/CITY RD,Y,N,N,URBAN,N,N,N,,DAYLIGHT,CLEAR,DRY,NONE,FOUR-WAY INTERSECTION,STRAIGHT/LEVEL,ASPHALT,DISREGARD SIGNAL/REG SIGN,UNDER $1001,SAME DIRECTION SIDESWIPE,KIRKWOODAVENWALNUTST,1,TRAFFIC CONTROL SIGNAL,2013-06-11 18:33:00,
BLOOMINGTON PD,11214107,MONROE,BLOOMINGTON,BLOOMINGTON,1,0.0,1.0,0,0,,WALNUT,ST,,,,WALNUT ST,3RD,,,,Y,OTHER,,,39.16464,-86.5336,LOCAL/CITY RD,Y,N,N,URBAN,N,N,N,,DAYLIGHT,CLEAR,DRY,NONE,FOUR-WAY INTERSECTION,STRAIGHT/LEVEL,ASPHALT,DISREGARD SIGNAL/REG SIGN,$2501 TO $5000,RIGHT ANGLE,3RDSTWALNUTST,1,TRAFFIC CONTROL SIGNAL,2014-01-12 12:10:00,
BLOOMINGTON PD,51514159,MONROE,BLOOMINGTON,BLOOMINGTON,1,0.0,1.0,0,0,230.0,MORTON,ST,,,,MORTON ST,,,,,Y,PRIVATE,200.0,N,39.16797257,-86.536,OTHER,,N,N,URBAN,N,N,N,,DAYLIGHT,CLEAR,DRY,NONE,NO JUNCTION INVOLVED,STRAIGHT/LEVEL,ASPHALT,DRIVER DISTRACTED - EXPLAIN IN NARRATIVE,UNDER $1001,RIGHT ANGLE,MORTONST,1,NONE,2014-05-15 15:50:00,
INDIANA UNIV BLOOMINGTON PD,142447,MONROE,BLOOMINGTON,BLOOMINGTON,1,0.0,2.0,0,0,,FEE,LN,,,,FEE LN,LAW,,,,Y,OTHER,,,39.174048,-86.518896,LOCAL/CITY RD,,N,N,URBAN,N,N,N,,DAYLIGHT,CLEAR,DRY,NONE,T-INTERSECTION,STRAIGHT/GRADE,ASPHALT,FAILURE TO YIELD RIGHT OF WAY,$1001 TO $2500,RIGHT ANGLE,FEELNLAWLN,1,LN CONTROL,2014-09-18 08:06:00,
BLOOMINGTON PD,82814134,MONROE,BLOOMINGTON,BLOOMINGTON,1,0.0,0.0,0,0,366.0,VARSITY,LN,,,,VARSITY LN,,,,,Y,PRIVATE,,,39.182976,-86.528416,OTHER,,N,Y,URBAN,N,N,N,,DARK (LIGHTED),CLEAR,DRY,NONE,T-INTERSECTION,CURVE/LEVEL,ASPHALT,DISREGARD SIGNAL/REG SIGN,UNDER $1001,RIGHT ANGLE,VARSITYLN,0,NONE,2014-07-28 21:45:00,
INDIANA UNIV BLOOMINGTON PD,141227,MONROE,BLOOMINGTON,BLOOMINGTON,1,0.0,0.0,0,0,,,,ST RD 45,,,ST RD 45,SMITH,,,,Y,OTHER,699.0,W,39.17203189,-86.48503696,ST RD,,N,Y,URBAN,N,N,N,,DARK (NOT LIGHTED),CLEAR,DRY,NONE,NO JUNCTION INVOLVED,CURVE/GRADE,ASPHALT,HEADLIGHT DEFECTIVE OR NOT ON,UNDER $1001,REAR END,SMITHRDST RD 45,1,LN CONTROL,2014-04-23 21:08:00,