Agency,Local Code,County,Township,City,Vehicles Involved,Trailers Involved,Number Injured,Number Dead,Number Deer,House Number,Roadway Name,Roadway Suffix,Roadway Number,Roadway Interchange,Roadway Ramp,Roadway Id,Intersecting Road,Intersecting Road Number,Mile Marker,Interchange,Corporate Limits?,Property Type,Feet From,Direction,Latitude,Longitude,Roadway Class,Traffic Control Devices?,Aggressive Driving?,Hit and Run?,Locality,School Zone?,Rumble Strips?,Construction?,Construction Type,Light Condition,Weather Conditions,Surface Condition,Type of Median,Roadway Junction Type,Road Character,Roadway Surface,Primary Factor,Damage Estimate,Manner of Collision,Unique Location Id,State Property Damage?,Traffic Control,DateTime,Address Number
INDIANA UNIV BLOOMINGTON PD,141372,MONROE,BLOOMINGTON,BLOOMINGTON,1,0.0,1.0,0,0,125.0,S EAGLESON AVE,AVE,,,,S EAGLESON AVE,,,,,Y,PRIVATE,,,39.1666165,-86.51632212,OTHER,,N,N,URBAN,N,N,N,,DAYLIGHT,CLOUDY,DRY,NONE,T-INTERSECTION,STRAIGHT/LEVEL,ASPHALT,IMPROPER LN USAGE,$1001 TO $2500,RIGHT ANGLE,SOUTHEAGLESON AVEAVE,1,STOP SIGN,2014-04-30 16:00:00,
BLOOMINGTON PD,B1407957,MONROE,PERRY,BLOOMINGTON,1,0.0,1.0,0,0,,3RD,ST,,,,3RD ST,COLLEGE MALL,,,,Y,OTHER,150.0,W,39.16424549,-86.49892917,LOCAL/CITY RD,,N,N,URBAN,N,N,N,,DAYLIGHT,CLEAR,DRY,CURBED,NO JUNCTION INVOLVED,STRAIGHT/LEVEL,ASPHALT,OTHER (DRIVER) - EXPLAIN IN NARRATIVE,$1001 TO $2500,RIGHT ANGLE,3RDSTCOLLEGEMALLRD,1,LN CONTROL,2014-09-27 16:56:00,
BLOOMINGTON PD,32114249,MONROE,BLOOMINGTON,BLOOMINGTON,1,0.0,0.0,0,0,,KIRKWOOD,AVE,,,,KIRKWOOD AVE,DUNN,,,,Y,OTHER,,,39.16664,-86.528192,LOCAL/CITY RD,,N,Y,URBAN,N,N,N,,DAYLIGHT,CLEAR,DRY,NONE,NO JUNCTION INVOLVED,STRAIGHT/GRADE,ASPHALT,FAILURE TO YIELD RIGHT OF WAY,UNDER $1001,HEAD ON BETWEEN TWO MOTOR VEHICLES,DUNNSTKIRKWOODAVE,1,STOP SIGN,2014-03-21 17:48:00,
BLOOMINGTON PD,32214139,MONROE,BLOOMINGTON,BLOOMINGTON,1,0.0,1.0,0,0,,2ND,ST,,,,2ND ST,WALNUT,,,,Y,OTHER,,,39.16140027,-86.53362974,LOCAL/CITY RD,Y,N,Y,URBAN,N,N,N,,DARK (LIGHTED),CLEAR,DRY,NONE,FOUR-WAY INTERSECTION,STRAIGHT/LEVEL,ASPHALT,DISREGARD SIGNAL/REG SIGN,UNDER $1001,RIGHT ANGLE,2NDSTWALNUTST,1,TRAFFIC CONTROL SIGNAL,2014-03-22 00:10:00,
BLOOMINGTON PD,B1512643,MONROE,RICHLAND,BLOOMINGTON,1,0.0,0.0,0,0,,GATES,,,,,GATES,JACOB,,,,Y,,,,39.16562006,-86.57599993,LOCAL/CITY RD,,N,Y,URBAN,N,N,N,,DAYLIGHT,CLEAR,DRY,,T-INTERSECTION,STRAIGHT/LEVEL,ASPHALT,UNSAFE LN MOVEMENT,UNDER $1001,SAME DIRECTION SIDESWIPE,GATESDRJACOBDR,1,LN CONTROL,2015-03-31 13:26:00,
BLOOMINGTON PD,B1410803,MONROE,BLOOMINGTON,BLOOMINGTON,1,0.0,1.0,0,0,2060.0,S OAKDALE,,,,,S OAKDALE,,,,,Y,,,,39.14497263,-86.56917572,OTHER,,N,N,URBAN,N,N,N,,DAYLIGHT,CLEAR,DRY,,T-INTERSECTION,CURVE/GRADE,ASPHALT,FAILURE TO YIELD RIGHT OF WAY,UNDER $1001,RIGHT TURN,SOAKDALE,1,STOP SIGN,2014-10-17 16:50:00,
INDIANA UNIV BLOOMINGTON PD,142839,MONROE,BLOOMINGTON,BLOOMINGTON,1,0.0,1.0,0,0,,E 3RD,,,,,E 3RD,WOODLAWN,,,,Y,,200.0,E,39.164352,-86.522592,LOCAL/CITY RD,,N,N,URBAN,N,N,N,,DAYLIGHT,CLEAR,DRY,NONE,NO JUNCTION INVOLVED,STRAIGHT/LEVEL,ASPHALT,IMPROPER LN USAGE,$2501 TO $5000,REAR END,E 3RDSTWOODLAWNAVE,1,NONE,2014-10-17 10:10:00,
BLOOMINGTON PD,B1412333,MONROE,BLOOMINGTON,BLOOMINGTON,1,0.0,1.0,0,0,,WALNUT,,,,,WALNUT,WINLSOW,,,,Y,,,,39.13597025,-86.5311098,LOCAL/CITY RD,Y,N,N,URBAN,N,N,N,,DAYLIGHT,CLEAR,DRY,,FOUR-WAY INTERSECTION,STRAIGHT/LEVEL,ASPHALT,FAILURE TO YIELD RIGHT OF WAY,UNDER $1001,RIGHT ANGLE,WALNUTSTWINLSOWRD,1,TRAFFIC CONTROL SIGNAL,2014-10-27 08:49:00,
BLOOMINGTON PD,B1544964,MONROE,BLOOMINGTON,BLOOMINGTON,1,0.0,1.0,0,0,,N WALNUT,ST,,,,N WALNUT,14TH,,,,Y,,,,39.175952,-86.53344,LOCAL/CITY RD,,N,N,URBAN,N,N,N,,DAYLIGHT,CLEAR,DRY,,FOUR-WAY INTERSECTION,STRAIGHT/GRADE,ASPHALT,WRONG WAY ON ONE WAY,UNDER $1001,RIGHT ANGLE,14THSTNWALNUTST,1,LN CONTROL,2015-10-21 10:00:00,
INDIANA UNIV BLOOMINGTON PD,152722,MONROE,BLOOMINGTON,BLOOMINGTON,1,0.0,1.0,0,0,,EAGLESON AVE,AVE,,,,EAGLESON AVE,7TH,,,,Y,,80.0,N,39.16916292,-86.51599183,LOCAL/CITY RD,,N,N,URBAN,N,N,N,,DAYLIGHT,CLEAR,DRY,NONE,NO JUNCTION INVOLVED,STRAIGHT/GRADE,ASPHALT,FAILURE TO YIELD RIGHT OF WAY,UNDER $1001,RIGHT ANGLE,7THSTEAGLESON AVEAVE,1,LN CONTROL,2015-10-16 11:00:00,
INDIANA UNIV BLOOMINGTON PD,153353,MONROE,BLOOMINGTON,BLOOMINGTON,1,0.0,1.0,0,0,,10TH,ST,,,,10TH,WALNUT,,,,Y,,50.0,W,39.17160188,-86.52107241,LOCAL/CITY RD,,N,N,URBAN,N,N,N,,DAYLIGHT,CLOUDY,DRY,NONE,NO JUNCTION INVOLVED,STRAIGHT/LEVEL,ASPHALT,FAILURE TO YIELD RIGHT OF WAY,UNDER $1001,SAME DIRECTION SIDESWIPE,10THSTWALNUTGRV,1,LN CONTROL,2015-12-09 09:02:00,
BLOOMINGTON PD,B1536915,MONROE,PERRY,BLOOMINGTON,1,0.0,0.0,0,0,,SO COLLEGE MALL,RD,,,,SO COLLEGE MALL,E COVENANTER,,,,Y,,,,39.155152,-86.497888,LOCAL/CITY RD,Y,N,Y,RURAL,N,N,N,,DAYLIGHT,CLEAR,DRY,,T-INTERSECTION,STRAIGHT/LEVEL,ASPHALT,OTHER (DRIVER) - EXPLAIN IN NARRATIVE,UNDER $1001,SAME DIRECTION SIDESWIPE,ECOVENANTERDRSOCOLLEGEMALLRD,1,TRAFFIC CONTROL SIGNAL,2015-08-31 15:40:00,
BLOOMINGTON PD,B1616069,MONROE,BLOOMINGTON,BLOOMINGTON,1,0.0,1.0,0,0,,W KIRKWOOD,AVE,,,,W KIRKWOOD,N MORTON,,,,Y,,,,39.16658968,-86.53604976,LOCAL/CITY RD,,N,N,URBAN,N,N,Y,WORK ON SHOULDER,DAYLIGHT,CLOUDY,DRY,,FOUR-WAY INTERSECTION,STRAIGHT/LEVEL,ASPHALT,DISREGARD SIGNAL/REG SIGN,$1001 TO $2500,RIGHT ANGLE,NMORTONSTWKIRKWOODAVE,1,STOP SIGN,2016-04-28 09:08:00,
INDIANA UNIV BLOOMINGTON PD,162914,MONROE,BLOOMINGTON,BLOOMINGTON,1,0.0,1.0,0,0,,FORREST,AVE,,,,FORREST,E KIRKWOOD,,,,Y,,,,39.16684985,-86.52156986,LOCAL/CITY RD,,N,N,URBAN,N,N,N,,DAYLIGHT,CLEAR,DRY,,T-INTERSECTION,STRAIGHT/GRADE,ASPHALT,DISREGARD SIGNAL/REG SIGN,UNDER $1001,RIGHT ANGLE,EKIRKWOODAVEFORRESTAVE,1,STOP SIGN,2016-11-17 16:03:00,
BLOOMINGTON PD,B1629836,MONROE,BLOOMINGTON,BLOOMINGTON,1,0.0,0.0,0,0,,MADISON,ST,,,,S MADISON,ALLEY N OF ALLEN,,,,Y,,,,0.0,0.0,LOCAL/CITY RD,,N,N,URBAN,N,N,N,,DARK (LIGHTED),CLEAR,DRY,,FOUR-WAY INTERSECTION,STRAIGHT/LEVEL,ASPHALT,FAILURE TO YIELD RIGHT OF WAY,UNDER $1001,RIGHT ANGLE,ALLEYNORTHOFALLENALYSMADISONST,1,NONE,2016-08-02 21:00:00,
BLOOMINGTON PD,B1705077,MONROE,BLOOMINGTON,BLOOMINGTON,1,0.0,1.0,0,0,,,,ST RD 4546,,,S ST RD 4546 BYPASS,STARBUCKS CVS,,,,Y,,,,0.0,0.0,LOCAL/CITY RD,,N,N,URBAN,N,N,N,,DAYLIGHT,CLOUDY,DRY,,T-INTERSECTION,STRAIGHT/LEVEL,ASPHALT,IMPROPER LN USAGE,$1001 TO $2500,RIGHT ANGLE,115SST RD 4546BYPASSBYPSTARBUCKSCVSWESTDRDR,1,NONE,2017-02-11 10:30:00,115
BLOOMINGTON PD,B1806176,MONROE,BLOOMINGTON,BLOOMINGTON,1,0.0,1.0,0,0,,E MORNINGSIDE,DR,,,,E MORNINGSIDE,S PARK RIDGE,,,,Y,,150.0,W,39.167248,-86.4752,LOCAL/CITY RD,,N,N,URBAN,N,N,N,,DAYLIGHT,RAIN,WET,,NO JUNCTION INVOLVED,STRAIGHT/GRADE,ASPHALT,OTHER (DRIVER) - EXPLAIN IN NARRATIVE,$1001 TO $2500,REAR END,EMORNINGSIDEDRSPARKRIDGEDR,1,NONE,2018-02-15 09:58:00,
BLOOMINGTON PD,B1743972,MONROE,BLOOMINGTON,BLOOMINGTON,1,0.0,1.0,0,0,,WASHINGTON,AVE,,,,WASHINGTON,4TH,,,,Y,,60.0,N,39.16581279,-86.5324,LOCAL/CITY RD,,N,N,URBAN,N,N,N,,DARK (LIGHTED),CLEAR,DRY,,NO JUNCTION INVOLVED,STRAIGHT/LEVEL,ASPHALT,FAILURE TO YIELD RIGHT OF WAY,UNDER $1001,RIGHT ANGLE,4THSTWASHINGTONAVE,1,LN CONTROL,2017-10-26 03:15:00,
BLOOMINGTON PD,B1831639,MONROE,BLOOMINGTON,BLOOMINGTON,1,0.0,1.0,0,0,,N KINSER,PK,,,,N KINSER,W GOURLEY,,,,Y,,,,39.185392,-86.537856,LOCAL/CITY RD,,N,N,URBAN,N,N,N,,DARK (NOT LIGHTED),RAIN,WET,,FOUR-WAY INTERSECTION,STRAIGHT/LEVEL,ASPHALT,FAILURE TO YIELD RIGHT OF WAY,UNDER $1001,RIGHT ANGLE,NKINSERPKWGOURLEYPK,1,LN CONTROL,2018-08-07 06:49:00,
MONROE SD,M19A8635,MONROE,PERRY,BLOOMINGTON,1,0.0,0.0,0,0,,CLEAR CREEK,DR,,,,W CLEAR CREEK,MADISON,,,,N,,,,39.11112,-86.53735,LOCAL/CITY RD,,N,N,URBAN,Y,N,N,,DAYLIGHT,CLEAR,DRY,,T-INTERSECTION,STRAIGHT/LEVEL,ASPHALT,FAILURE TO YIELD RIGHT OF WAY,$5001 TO $10000,OTHER - EXPLAIN IN NARRATIVE,MADISONSTWCLEARCREEKDR,1,NONE,2019-03-15 14:44:00,
BLOOMINGTON PD,B1934482,MONROE,PERRY,BLOOMINGTON,1,0.0,1.0,0,0,,COLLEGE MALL,RD,,,,COLLEGE MALL,COVENANTER,,,,Y,,,,39.155152,-86.497888,LOCAL/CITY RD,Y,N,N,URBAN,N,N,N,,DAYLIGHT,CLEAR,DRY,,FOUR-WAY INTERSECTION,STRAIGHT/LEVEL,ASPHALT,FAILURE TO YIELD RIGHT OF WAY,$1001 TO $2500,RIGHT ANGLE,COLLEGEMALLRDCOVENANTERDR,1,TRAFFIC CONTROL SIGNAL,2019-08-19 09:23:00,
BLOOMINGTON PD,B1935817,MONROE,BLOOMINGTON,BLOOMINGTON,1,0.0,1.0,0,0,,DODDS,ST,,,,W DODDS,MORTON,,,,Y,,,,39.15745,-86.53633,LOCAL/CITY RD,,N,N,URBAN,N,N,N,,DARK (NOT LIGHTED),CLEAR,DRY,,FOUR-WAY INTERSECTION,STRAIGHT/LEVEL,CONCRETE,FAILURE TO YIELD RIGHT OF WAY,UNDER $1001,RIGHT ANGLE,SOUTHMORTONSTWESTDODDSST,1,STOP SIGN,2019-08-26 21:19:00,
BLOOMINGTON PD,B1945587,MONROE,PERRY,BLOOMINGTON,1,0.0,0.0,0,0,,ROGERS,ST,,,,S ROGERS,CHEROKEE,,,,Y,,,,39.146992,-86.5388,LOCAL/CITY RD,,N,N,URBAN,N,N,N,,DARK (NOT LIGHTED),CLEAR,DRY,,T-INTERSECTION,STRAIGHT/GRADE,ASPHALT,OTHER LIGHTS DEFECTIVE,UNDER $1001,REAR END,CHEROKEEDRSROGERSST,1,NONE,2019-10-28 22:04:00,
BLOOMINGTON PD,B2024255,MONROE,PERRY,BLOOMINGTON,1,0.0,0.0,0,0,,2ND,ST,,,,2ND,MORTON,,,,Y,,,,39.161472,-86.53624,LOCAL/CITY RD,,N,Y,URBAN,N,N,N,,DAYLIGHT,CLEAR,DRY,,TRAIL CROSSINGS,STRAIGHT/LEVEL,ASPHALT,FAILURE TO YIELD RIGHT OF WAY,UNDER $1001,RIGHT ANGLE,2NDSTMORTONST,1,STOP SIGN,2020-07-05 09:00:00,
INDIANA UNIV BLOOMINGTON PD,201509,MONROE,BLOOMINGTON,BLOOMINGTON,1,0.0,1.0,0,0,,3RD,ST,,,,3RD,INDIANA,,,,Y,,,,,,LOCAL/CITY RD,Y,N,N,URBAN,N,N,N,,DAYLIGHT,CLOUDY,DRY,,FOUR-WAY INTERSECTION,STRAIGHT/LEVEL,ASPHALT,IMPROPER TURNING,$1001 TO $2500,RIGHT TURN,INDIANAAVE 3RDST,1,TRAFFIC CONTROL SIGNAL,2020-09-03 10:55:00,
BLOOMINGTON PD,B2019759,MONROE,BLOOMINGTON,BLOOMINGTON,1,0.0,1.0,0,0,,N ROGERS,ST,,,,N ROGERS,10TH,,,,Y,,50.0,S,39.16611186,-86.53861,LOCAL/CITY RD,,N,N,URBAN,N,N,N,,DAYLIGHT,CLOUDY,DRY,,TRAIL CROSSINGS,STRAIGHT/LEVEL,ASPHALT,FAILURE TO YIELD RIGHT OF WAY,UNDER $1001,RIGHT ANGLE,10THSTNROGERSST,1,LN CONTROL,2020-05-29 14:58:00,
BLOOMINGTON PD,B2019329,MONROE,BLOOMINGTON,BLOOMINGTON,1,0.0,1.0,0,0,,,,ST RD 46E,,,ST RD 46E,COLLEGE MALL,,,,Y,,,,39.16424,-86.4984,ST RD,Y,N,N,URBAN,N,N,N,,DAYLIGHT,CLEAR,DRY,,FOUR-WAY INTERSECTION,STRAIGHT/GRADE,ASPHALT,FAILURE TO YIELD RIGHT OF WAY,UNDER $1001,RIGHT TURN,COLLEGEMALLRDST RD 46E,1,TRAFFIC CONTROL SIGNAL,2020-05-26 10:56:00,
BLOOMINGTON PD,B2116214,MONROE,BLOOMINGTON,BLOOMINGTON,1,0.0,1.0,0,0,,N DUNN,ST,,,,N DUNN,E 8TH,,,,Y,,100.0,N,39.169648,-86.52824,LOCAL/CITY RD,,N,N,URBAN,N,N,N,,DAYLIGHT,CLOUDY,DRY,,FOUR-WAY INTERSECTION,STRAIGHT/LEVEL,ASPHALT,IMPROPER TURNING,$1001 TO $2500,RIGHT TURN,EAST8THSTNORTHDUNNST,1,LN CONTROL,2021-05-18 13:00:00,
BLOOMINGTON PD,B2136025,MONROE,VAN BUREN,BLOOMINGTON,1,0.0,0.0,0,0,,S WALNUT,ST,,,,S WALNUT,E 2ND,,,,Y,,,,39.161363,-86.533648,LOCAL/CITY RD,Y,N,N,URBAN,N,N,N,,DAYLIGHT,CLOUDY,WET,,FOUR-WAY INTERSECTION,STRAIGHT/LEVEL,ASPHALT,FAILURE TO YIELD RIGHT OF WAY,UNDER $1001,OTHER - EXPLAIN IN NARRATIVE,E 2NDSTSWALNUTST,1,TRAFFIC CONTROL SIGNAL,2021-10-07 14:36:00,
BLOOMINGTON PD,B2120216,MONROE,PERRY,BLOOMINGTON,1,0.0,1.0,0,0,1350.0,W BLOOMFIELD,RD,,,,W BLOOMFIELD,,,,,Y,,,,39.15998862,-86.55307876,LOCAL/CITY RD,,N,N,URBAN,N,N,N,,DAYLIGHT,CLEAR,DRY,,Y-INTERSECTION,STRAIGHT/LEVEL,ASPHALT,PEDESTRIAN ACTION,UNDER $1001,RIGHT TURN,WBLOOMFIELDRD,1,STOP SIGN,2021-06-17 15:10:00,
INDIANA UNIV BLOOMINGTON PD,223830,MONROE,BLOOMINGTON,BLOOMINGTON,2,,1.0,0,0,,E 10TH ST,,,,,E 10TH ST,ST RD 46,,,,Y,,0.0,,39.17158451,-86.50198049,ST RD,,,,URBAN,N,N,N,,DAYLIGHT,CLEAR,DRY,,FOUR-WAY INTERSECTION,,ASPHALT,DISREGARD SIGNAL/REG SIGN,$1001 TO $2500,RIGHT ANGLE,STATERD46E 10THST,0,,2022-10-09 13:15:00,
BLOOMINGTON PD,B22-27829,MONROE,PERRY,BLOOMINGTON,1,,1.0,0,0,,W BLOOMFIELD RD,,,,,W BLOOMFIELD RD,S PATTERSON DR,,,,Y,,0.0,,39.16079128,-86.54847248,LOCAL/CITY RD,,,,URBAN,N,N,N,,DAYLIGHT,CLEAR,DRY,,FOUR-WAY INTERSECTION,,ASPHALT,FAILURE TO YIELD RIGHT OF WAY,UNDER $1001,RIGHT ANGLE,WBLOOMFIELDRDSPATTERSONDR,1,,2022-07-20 15:15:00,
MONROE SD,M22A20320,MONROE,PERRY,BLOOMINGTON,1,,1.0,0,0,5006.0,S ROGERS ST,,,,,S ROGERS ST,,,,,N,,0.0,,39.11133948,-86.54034256,PRIVATE DR,,,,RURAL,N,N,N,,DAYLIGHT,CLEAR,DRY,,NO JUNCTION INVOLVED,,ASPHALT,PEDESTRIAN ACTION,UNDER $1001,OPPOSITE DIRECTION SIDESWIPE,SROGERSST,1,,2022-08-19 17:39:00,
BLOOMINGTON PD,B22-41135,MONROE,PERRY,BLOOMINGTON,1,,2.0,0,0,,S COLLEGE MALL RD,,,,,S COLLEGE MALL RD,E 3RD ST,,,,Y,,0.0,,39.16295394,-86.49799161,LOCAL/CITY RD,,,,URBAN,N,N,N,,DAYLIGHT,CLEAR,DRY,,FOUR-WAY INTERSECTION,,ASPHALT,OTHER (DRIVER) - EXPLAIN IN NARRATIVE,UNDER $1001,LEFT TURN,SCOLLEGEMALLRDE 3RDST,1,,2022-10-06 18:56:00,
INDIANA UNIV BLOOMINGTON PD,224724,MONROE,BLOOMINGTON,BLOOMINGTON,1,,1.0,0,0,,S HAWTHORNE DR,,,,,S HAWTHORNE DR,E 3RD ST,,,,Y,,0.0,,39.16428334,-86.52009077,LOCAL/CITY RD,,,,URBAN,N,N,N,,DAYLIGHT,CLEAR,DRY,,FOUR-WAY INTERSECTION,,ASPHALT,FAILURE TO YIELD RIGHT OF WAY,$10001 TO $25000,RIGHT TURN,SHAWTHORNEDRE 3RDST,1,,2022-12-02 11:23:00,
ISP BLOOMINGTON 33,2.022E+11,MONROE,BLOOMINGTON,BLOOMINGTON,1,,1.0,0,0,,ST RD 46,,,,,ST RD 46,E MATLOCK RD,,,,N,,0.0,,39.18597033,-86.51968531,ST RD,,,,RURAL,N,N,N,,DARK (NOT LIGHTED),CLOUDY,DRY,,FOUR-WAY INTERSECTION,,ASPHALT,FAILURE TO YIELD RIGHT OF WAY,$2501 TO $5000,RIGHT ANGLE,STATERD46EMATLOCKRD,1,,2022-11-10 19:47:00,
BLOOMINGTON PD,B22-45464,MONROE,BLOOMINGTON,BLOOMINGTON,2,,1.0,0,0,,N WALNUT ST,,,,,N WALNUT ST,E 14TH ST,,,,Y,,0.0,,39.17593951,-86.53351833,LOCAL/CITY RD,,,,URBAN,N,N,N,,DAYLIGHT,RAIN,WET,,FOUR-WAY INTERSECTION,,ASPHALT,UNSAFE LN MOVEMENT,UNDER $1001,LEFT TURN,NWALNUTSTE14THST,0,,2022-10-31 11:08:00,
ELLETTSVILLE PD,E1501895,MONROE,RICHLAND,ELLETTSVILLE,2,0.0,0.0,0,0,,,,ST RD 46 W,,,ST RD 46 W,UNION VALLEY,,,,Y,,200.0,E,39.21477514,-86.59228631,ST RD,,N,N,URBAN,N,N,N,,DAYLIGHT,CLEAR,DRY,,NO JUNCTION INVOLVED,STRAIGHT/GRADE,ASPHALT,FAILURE TO YIELD RIGHT OF WAY,$1001 TO $2500,SAME DIRECTION SIDESWIPE,ST RD 46 WUNIONVALLEYRD,0,LN CONTROL,2015-05-04 09:55:00,
BLOOMINGTON PD,50713228,MONROE,PERRY,BLOOMINGTON,1,0.0,1.0,0,0,,WOODLAWN,AVE,,,,S WOODLAWN AVE,UNIVERSITY,,,,Y,OTHER,,,39.160304,-86.52256,LOCAL/CITY RD,,N,N,URBAN,N,N,N,,DAYLIGHT,CLEAR,DRY,NONE,T-INTERSECTION,STRAIGHT/GRADE,ASPHALT,FAILURE TO YIELD RIGHT OF WAY,UNDER $1001,LEFT TURN,EUNIVERSITYSTSWOODLAWNAVE,1,STOP SIGN,2013-05-07 17:50:00,
BLOOMINGTON PD,50413287,MONROE,PERRY,BLOOMINGTON,1,0.0,1.0,0,0,,2ND,ST,,,,2ND ST,ROGERS,,,,Y,OTHER,,,39.16152,-86.538592,LOCAL/CITY RD,Y,N,N,URBAN,N,N,N,,DARK (LIGHTED),RAIN,WET,NONE,FOUR-WAY INTERSECTION,STRAIGHT/GRADE,ASPHALT,FAILURE TO YIELD RIGHT OF WAY,UNDER $1001,RIGHT ANGLE,2NDSTROGERSST,1,FLASHING SIGNAL,2013-05-04 23:37:00,
BLOOMINGTON PD,82713150,MONROE,BLOOMINGTON,BLOOMINGTON,1,0.0,1.0,0,0,,DUNN,ST,,,,N DUNN ST,6TH,,,,Y,OTHER,100.0,S,39.16745336,-86.52820396,LOCAL/CITY RD,,N,N,URBAN,N,N,N,,DAYLIGHT,CLEAR,DRY,NONE,FOUR-WAY INTERSECTION,STRAIGHT/GRADE,ASPHALT,FOLLOWING TOO CLOSELY,UNDER $1001,REAR END,E6THSTNDUNNST,1,LN CONTROL,2013-08-27 13:50:00,
BLOOMINGTON PD,80113225,MONROE,PERRY,BLOOMINGTON,1,0.0,1.0,0,0,1202.0,WALNUT,ST,,,,S WALNUT ST,,,,,Y,PRIVATE,,,39.15342171,-86.5336,OTHER,,N,N,URBAN,N,N,N,,DAYLIGHT,CLEAR,DRY,NONE,NO JUNCTION INVOLVED,NON-RDWAY CRASH,ASPHALT,FAILURE TO YIELD RIGHT OF WAY,$1001 TO $2500,HEAD ON BETWEEN TWO MOTOR VEHICLES,SWALNUTST,1,NONE,2013-08-01 17:35:00,
INDIANA UNIV BLOOMINGTON PD,141297,MONROE,BLOOMINGTON,BLOOMINGTON,1,0.0,1.0,0,0,,N EAGLESON AVE,AVE,,,,N EAGLESON AVE,FEE,,,,Y,OTHER,800.0,E,39.18384,-86.5192,LOCAL/CITY RD,,N,N,URBAN,N,N,N,,DAYLIGHT,CLEAR,DRY,NONE,NO JUNCTION INVOLVED,STRAIGHT/GRADE,ASPHALT,FAILURE TO YIELD RIGHT OF WAY,$2501 TO $5000,RIGHT ANGLE,FEELNNORTHEAGLESON AVEAVE,1,NONE,2014-04-26 09:10:00,
MONROE SD,M14A3142,MONROE,RICHLAND,BLOOMINGTON,1,0.0,1.0,0,0,,VERNAL,PK,,,,VERNAL PK,CURRY,,,,N,OTHER,200.0,E,39.179248,-86.58249423,COUNTY RD,,N,N,RURAL,N,N,N,,DAWN/DUSK,CLEAR,DRY,NONE,NO JUNCTION INVOLVED,STRAIGHT/GRADE,ASPHALT,FAILURE TO YIELD RIGHT OF WAY,UNDER $1001,RIGHT ANGLE,CURRYPKVERNALPK,1,NONE,2014-09-15 07:33:00,
BLOOMINGTON PD,52214256,MONROE,BLOOMINGTON,BLOOMINGTON,1,0.0,1.0,0,0,,E 3RD,ST,,,,E 3RD ST,KINGSTON,,,,Y,OTHER,75.0,W,39.16424,-86.492944,LOCAL/CITY RD,,N,N,URBAN,N,N,N,,DAYLIGHT,CLEAR,DRY,NONE,NO JUNCTION INVOLVED,STRAIGHT/LEVEL,ASPHALT,FAILURE TO YIELD RIGHT OF WAY,UNDER $1001,RIGHT ANGLE,E 3RDSTKINGSTONDR,1,NONE,2014-05-22 17:40:00,