Agency,Local Code,County,Township,City,Vehicles Involved,Trailers Involved,Number Injured,Number Dead,Number Deer,House Number,Roadway Name,Roadway Suffix,Roadway Number,Roadway Interchange,Roadway Ramp,Roadway Id,Intersecting Road,Intersecting Road Number,Mile Marker,Interchange,Corporate Limits?,Property Type,Feet From,Direction,Latitude,Longitude,Roadway Class,Traffic Control Devices?,Aggressive Driving?,Hit and Run?,Locality,School Zone?,Rumble Strips?,Construction?,Construction Type,Light Condition,Weather Conditions,Surface Condition,Type of Median,Roadway Junction Type,Road Character,Roadway Surface,Primary Factor,Damage Estimate,Manner of Collision,Unique Location Id,State Property Damage?,Traffic Control,DateTime,Address Number
BLOOMINGTON PD,73014109,MONROE,BLOOMINGTON,BLOOMINGTON,1,0.0,1.0,0,0,,N ROGERS,ST,,,,N ROGERS ST,W 11TH,,,,Y,OTHER,200.0,S,39.173184,-86.538528,LOCAL/CITY RD,,N,N,URBAN,N,N,N,,DAYLIGHT,CLEAR,DRY,NONE,NO JUNCTION INVOLVED,STRAIGHT/GRADE,ASPHALT,RAN OFF RD RIGHT,UNDER $1001,REAR END,NROGERSSTW11THST,1,NONE,2014-07-30 11:29:00,
BLOOMINGTON PD,B1518421,MONROE,PERRY,BLOOMINGTON,1,0.0,1.0,0,0,,W 2ND,ST,,,,W 2ND,S MORTON,,,,Y,,,,39.161472,-86.53624,LOCAL/CITY RD,,N,N,URBAN,N,N,N,,DAYLIGHT,CLEAR,DRY,,FOUR-WAY INTERSECTION,STRAIGHT/LEVEL,ASPHALT,FAILURE TO YIELD RIGHT OF WAY,UNDER $1001,RIGHT ANGLE,SMORTONSTW 2NDST,1,NONE,2015-05-06 18:12:00,
MONROE SD,M15A9297,MONROE,BLOOMINGTON,BLOOMINGTON,1,0.0,0.0,0,0,,ST RD 37,HWY,,,,ST RD 37,BOLTINGHOUSE,,,,N,,,,39.239744,-86.4992,LOCAL/CITY RD,,N,N,RURAL,N,N,N,,DAYLIGHT,CLEAR,DRY,,T-INTERSECTION,STRAIGHT/GRADE,ASPHALT,FAILURE TO YIELD RIGHT OF WAY,$1001 TO $2500,RIGHT ANGLE,BOLTINGHOUSERDOLDST RD 37HWY,1,NONE,2015-05-06 17:41:00,
BLOOMINGTON PD,B1542663,MONROE,PERRY,BLOOMINGTON,1,0.0,0.0,0,0,,CLARIZZ,BLVD,,,,CLARIZZ,3RD,,,,Y,,,,39.16424,-86.4908,LOCAL/CITY RD,,N,N,URBAN,N,N,N,,DAYLIGHT,CLEAR,DRY,,NO JUNCTION INVOLVED,STRAIGHT/LEVEL,ASPHALT,FAILURE TO YIELD RIGHT OF WAY,$1001 TO $2500,RIGHT ANGLE,3RDSTCLARIZZBLVD,1,NONE,2015-10-06 10:45:00,
BLOOMINGTON PD,B1534899,MONROE,BLOOMINGTON,BLOOMINGTON,1,0.0,1.0,0,0,,298 W COUNTRY CLUB,DR,,,,W COUNTRY CLUB,S MADISON,,,,Y,,300.0,E,39.136524,-86.53554796,LOCAL/CITY RD,,N,Y,URBAN,N,N,N,,DAYLIGHT,CLEAR,DRY,,T-INTERSECTION,STRAIGHT/GRADE,ASPHALT,FAILURE TO YIELD RIGHT OF WAY,UNDER $1001,RIGHT ANGLE,298WCOUNTRYCLUBDRSMADISONAVE,1,NONE,2015-08-21 09:00:00,298
BLOOMINGTON PD,B1611495,MONROE,BLOOMINGTON,BLOOMINGTON,1,0.0,1.0,0,0,,3RD,ST,,,,3RD,CLARIZZ,,,,Y,,,,39.16424,-86.4908,LOCAL/CITY RD,Y,N,N,URBAN,N,N,N,,DAYLIGHT,CLEAR,DRY,,T-INTERSECTION,STRAIGHT/LEVEL,ASPHALT,PEDESTRIAN ACTION,UNDER $1001,RIGHT ANGLE,3RDSTCLARIZZBLVD,1,TRAFFIC CONTROL SIGNAL,2016-03-27 10:39:00,
BLOOMINGTON PD,B1622153,MONROE,PERRY,BLOOMINGTON,1,0.0,1.0,0,0,,DODDS,ST,,,,DODDS,B LINE,,,,Y,,,,0.0,0.0,LOCAL/CITY RD,,N,N,URBAN,N,N,N,,DAYLIGHT,CLEAR,DRY,,FOUR-WAY INTERSECTION,STRAIGHT/GRADE,ASPHALT,FAILURE TO YIELD RIGHT OF WAY,UNDER $1001,RIGHT ANGLE,BLINETRLDODDSST,1,STOP SIGN,2016-06-10 18:16:00,
BLOOMINGTON PD,B1615424,MONROE,BLOOMINGTON,BLOOMINGTON,2,0.0,1.0,0,0,,N GRANT,ST,,,,N GRANT,9TH,,,,Y,,,,39.170544,-86.529696,LOCAL/CITY RD,,N,N,URBAN,N,N,N,,DAYLIGHT,CLOUDY,DRY,,FOUR-WAY INTERSECTION,STRAIGHT/LEVEL,ASPHALT,DISREGARD SIGNAL/REG SIGN,$10001 TO $25000,RIGHT ANGLE,9THSTNGRANTST,0,STOP SIGN,2016-04-23 11:10:00,
INDIANA UNIV BLOOMINGTON PD,160452,MONROE,BLOOMINGTON,BLOOMINGTON,1,0.0,0.0,0,0,,HAWTHORNE,DR,,,,HAWTHORNE,3RD,,,,Y,,500.0,N,39.21712297,-86.52008327,LOCAL/CITY RD,,N,N,URBAN,N,N,N,,DAYLIGHT,CLEAR,DRY,,NO JUNCTION INVOLVED,CURVE/GRADE,ASPHALT,UNSAFE SPEED,UNDER $1001,SAME DIRECTION SIDESWIPE,3RDSTHAWTHORNEDR,1,OTHER REGULATORY SIGN/MARKING,2016-02-17 11:20:00,
MONROE SD,M16A19439,MONROE,VAN BUREN,BLOOMINGTON,1,0.0,1.0,0,0,,S SMITH,RD,,,,S SMITH,E SAINT REMY,,,,N,OTHER,55.0,S,39.13635739,-86.48038,LOCAL/CITY RD,,N,N,RURAL,N,N,N,,DAYLIGHT,CLEAR,DRY,NONE,NO JUNCTION INVOLVED,STRAIGHT/GRADE,ASPHALT,OTHER (ENVIRONMENTAL) - EXPLAIN IN NARR,$2501 TO $5000,SAME DIRECTION SIDESWIPE,ESAINTREMYDRSSMITHRD,1,LN CONTROL,2016-08-25 18:02:00,
INDIANA UNIV BLOOMINGTON PD,161865,MONROE,BLOOMINGTON,BLOOMINGTON,1,0.0,1.0,0,0,,WOODLAWN,AVE,,,,WOODLAWN,TENTH,,,,Y,,,,39.17164028,-86.52349971,LOCAL/CITY RD,Y,N,N,URBAN,N,N,N,,DAYLIGHT,CLOUDY,DRY,,FOUR-WAY INTERSECTION,STRAIGHT/LEVEL,ASPHALT,FAILURE TO YIELD RIGHT OF WAY,UNDER $1001,LEFT TURN,TENTHSTWOODLAWNAVE,1,TRAFFIC CONTROL SIGNAL,2016-08-24 09:00:00,
INDIANA UNIV BLOOMINGTON PD,162764,MONROE,BLOOMINGTON,BLOOMINGTON,1,0.0,1.0,0,0,,EAGLESON AVE,AVE,,,,EAGLESON AVE,3RD,,,,N,,,,39.16426018,-86.5163999,LOCAL/CITY RD,,N,N,URBAN,N,N,N,,DAYLIGHT,CLEAR,DRY,NONE,NO JUNCTION INVOLVED,STRAIGHT/LEVEL,ASPHALT,UNSAFE LN MOVEMENT,$1001 TO $2500,SAME DIRECTION SIDESWIPE,EAGLESON AVEAVE 3RDST,1,NONE,2016-11-04 16:00:00,
INDIANA UNIV BLOOMINGTON PD,161866,MONROE,BLOOMINGTON,BLOOMINGTON,1,0.0,1.0,0,0,,TENTH,ST,,,,TENTH,UNION,,,,Y,,80.0,W,39.171472,-86.509376,LOCAL/CITY RD,,N,N,URBAN,N,N,N,,DAYLIGHT,CLEAR,DRY,,FOUR-WAY INTERSECTION,STRAIGHT/GRADE,ASPHALT,FAILURE TO YIELD RIGHT OF WAY,UNDER $1001,RIGHT TURN,TENTHSTUNIONST,1,LN CONTROL,2016-08-24 11:25:00,
INDIANA UNIV BLOOMINGTON PD,171902,MONROE,BLOOMINGTON,BLOOMINGTON,1,0.0,0.0,0,0,,10TH,ST,,,,10TH,PARK,,,,Y,,,,39.171648,-86.524608,LOCAL/CITY RD,,N,N,URBAN,N,N,N,,DAYLIGHT,CLEAR,DRY,,FOUR-WAY INTERSECTION,STRAIGHT/LEVEL,ASPHALT,FAILURE TO YIELD RIGHT OF WAY,$1001 TO $2500,RIGHT ANGLE,10THSTPARKAVE,1,STOP SIGN,2017-08-31 14:34:00,
BLOOMINGTON PD,B1708893,MONROE,BLOOMINGTON,BLOOMINGTON,1,0.0,1.0,0,0,,E 10TH,ST,,,,E 10TH,N INDIANA,,,,Y,OTHER,,,39.17168,-86.527024,LOCAL/CITY RD,Y,N,Y,URBAN,N,N,N,,DARK (LIGHTED),RAIN,WET,NONE,FOUR-WAY INTERSECTION,STRAIGHT/GRADE,ASPHALT,FAILURE TO YIELD RIGHT OF WAY,UNDER $1001,RIGHT ANGLE,E 10THSTNINDIANAAVE,1,TRAFFIC CONTROL SIGNAL,2017-03-09 22:06:00,
BLOOMINGTON PD,B1721188,MONROE,BLOOMINGTON,BLOOMINGTON,1,0.0,1.0,0,0,,2ND,ST,,,,2ND,BLINE,,,,Y,,,,0.0,0.0,LOCAL/CITY RD,,N,N,URBAN,N,N,N,,DAYLIGHT,CLEAR,DRY,,TRAIL CROSSINGS,STRAIGHT/LEVEL,ASPHALT,FAILURE TO YIELD RIGHT OF WAY,$1001 TO $2500,RIGHT ANGLE,2NDSTBLINETRL,1,OTHER,2017-06-01 11:44:00,
INDIANA UNIV BLOOMINGTON PD,172056,MONROE,BLOOMINGTON,BLOOMINGTON,1,0.0,1.0,0,0,,E 10TH,ST,,,,E 10TH,N SUNRISE,,,,Y,,,,39.17154,-86.51232,LOCAL/CITY RD,Y,N,N,URBAN,N,N,N,,DAYLIGHT,CLEAR,DRY,,FOUR-WAY INTERSECTION,STRAIGHT/GRADE,ASPHALT,FAILURE TO YIELD RIGHT OF WAY,$1001 TO $2500,RIGHT ANGLE,E 10THSTNSUNRISEDR,1,TRAFFIC CONTROL SIGNAL,2017-09-10 17:01:00,
INDIANA UNIV BLOOMINGTON PD,180624,MONROE,BLOOMINGTON,BLOOMINGTON,1,0.0,1.0,0,0,,EAGLESON AVE,AVE,,,,EAGLESON AVE,JONES,,,,Y,,200.0,N,39.18635421,-86.51642,LOCAL/CITY RD,,N,N,URBAN,N,N,N,,DAYLIGHT,CLEAR,DRY,,T-INTERSECTION,CURVE/GRADE,ASPHALT,FAILURE TO YIELD RIGHT OF WAY,UNDER $1001,RIGHT TURN,JONESAVEEAGLESON AVEAVE,1,NONE,2018-03-06 09:20:00,
INDIANA UNIV BLOOMINGTON PD,172820,MONROE,BLOOMINGTON,BLOOMINGTON,1,0.0,1.0,0,0,,UNION,ST,,,,UNION,TENTH,,,,Y,,,,39.17157,-86.50935,LOCAL/CITY RD,Y,N,N,URBAN,N,N,N,,DAYLIGHT,CLEAR,DRY,,FOUR-WAY INTERSECTION,STRAIGHT/LEVEL,ASPHALT,FAILURE TO YIELD RIGHT OF WAY,UNDER $1001,SAME DIRECTION SIDESWIPE,TENTHSTUNIONST,1,TRAFFIC CONTROL SIGNAL,2017-11-13 11:10:00,
BLOOMINGTON PD,B1806494,MONROE,BLOOMINGTON,BLOOMINGTON,1,0.0,1.0,0,0,,E 5TH,ST,,,,E 5TH,S CLARK,,,,Y,,,,39.166848,-86.5048,LOCAL/CITY RD,,N,N,URBAN,N,N,N,,DARK (NOT LIGHTED),RAIN,WET,,FOUR-WAY INTERSECTION,STRAIGHT/GRADE,ASPHALT,DISREGARD SIGNAL/REG SIGN,UNDER $1001,RIGHT ANGLE,E5THSTSCLARKST,1,STOP SIGN,2018-02-17 19:00:00,
INDIANA UNIV BLOOMINGTON PD,182143,MONROE,BLOOMINGTON,BLOOMINGTON,1,0.0,1.0,0,0,,WOODLAWN,AVE,,,,WOODLAWN,9TH,,,,Y,,,,39.170544,-86.523488,LOCAL/CITY RD,,N,N,URBAN,N,N,N,,DAYLIGHT,CLEAR,DRY,,T-INTERSECTION,STRAIGHT/LEVEL,ASPHALT,FAILURE TO YIELD RIGHT OF WAY,UNDER $1001,RIGHT TURN,9THSTWOODLAWNAVE,1,LN CONTROL,2018-09-20 15:55:00,
BLOOMINGTON PD,B1835766,MONROE,BLOOMINGTON,BLOOMINGTON,1,0.0,1.0,0,0,,PETE LLIS,DR,,,,PETE LLIS,LONGVIEW,,,,Y,,,,39.166944,-86.495056,LOCAL/CITY RD,,N,N,URBAN,N,N,N,,DAYLIGHT,CLEAR,DRY,,NO JUNCTION INVOLVED,STRAIGHT/LEVEL,ASPHALT,FAILURE TO YIELD RIGHT OF WAY,$1001 TO $2500,OTHER - EXPLAIN IN NARRATIVE,LONGVIEWAVEPETEELLISDR,1,STOP SIGN,2018-09-01 08:35:00,
BLOOMINGTON PD,B1845422,MONROE,BLOOMINGTON,BLOOMINGTON,1,0.0,1.0,0,0,,S COLLEGE,AVE,,,,S COLLEGE,W 3RD,,,,Y,,,,39.16464,-86.534816,LOCAL/CITY RD,Y,N,N,URBAN,N,N,N,,DAYLIGHT,CLEAR,DRY,,NO JUNCTION INVOLVED,STRAIGHT/LEVEL,ASPHALT,FAILURE TO YIELD RIGHT OF WAY,UNDER $1001,RIGHT ANGLE,SCOLLEGEAVEW 3RDST,1,TRAFFIC CONTROL SIGNAL,2018-11-03 16:37:00,
BLOOMINGTON PD,B18-22987,MONROE,BLOOMINGTON,BLOOMINGTON,1,0.0,1.0,0,0,2701.0,E 3RD,ST,,,,E 3RD,,,,,N,,,,39.16424,-86.4984,OTHER,,N,N,URBAN,N,N,N,,DAYLIGHT,CLEAR,DRY,,NO JUNCTION INVOLVED,STRAIGHT/LEVEL,ASPHALT,FAILURE TO YIELD RIGHT OF WAY,UNDER $1001,RIGHT TURN,E 3RDST,1,STOP SIGN,2018-06-08 16:32:00,
BLOOMINGTON PD,B18-47446,MONROE,BLOOMINGTON,BLOOMINGTON,1,0.0,1.0,0,0,,S WALNUT,ST,,,,S WALNUT,E 4TH,,,,Y,,,,39.165648,-86.5336,LOCAL/CITY RD,Y,N,N,URBAN,N,N,N,,DAYLIGHT,CLOUDY,DRY,,FOUR-WAY INTERSECTION,STRAIGHT/GRADE,ASPHALT,PEDESTRIAN ACTION,UNDER $1001,RIGHT ANGLE,E4THSTSWALNUTST,1,TRAFFIC CONTROL SIGNAL,2018-11-18 15:00:00,
MONROE SD,M19A9500,MONROE,BLOOMINGTON,BLOOMINGTON,1,0.0,1.0,0,0,,VERNAL,PK,,,,W VERNAL,INDUSTRIAL PARK,,,,N,,,,0.0,0.0,LOCAL/CITY RD,,N,N,URBAN,N,N,N,,DAWN/DUSK,CLEAR,DRY,,T-INTERSECTION,STRAIGHT/GRADE,ASPHALT,OTHER (DRIVER) - EXPLAIN IN NARRATIVE,UNDER $1001,OTHER - EXPLAIN IN NARRATIVE,WINDUSTRIALPARKDRWVERNALPK,1,NONE,2019-03-22 07:23:00,
BLOOMINGTON PD,B1926797,MONROE,PERRY,BLOOMINGTON,1,0.0,1.0,0,0,,W 1ST,ST,,,,W 1ST,S WALKER,,,,Y,,200.0,E,39.159648,-86.546,LOCAL/CITY RD,,N,N,URBAN,Y,N,N,,DAWN/DUSK,RAIN,WET,,NO JUNCTION INVOLVED,STRAIGHT/GRADE,ASPHALT,DISREGARD SIGNAL/REG SIGN,$5001 TO $10000,RIGHT ANGLE,SWALKERSTW1STST,1,NONE,2019-06-30 21:20:00,
BLOOMINGTON PD,B1924239,MONROE,PERRY,BLOOMINGTON,1,0.0,1.0,0,0,,S ROGERS,ST,,,,S ROGERS,W COOLIDGE,,,,Y,,,,39.141328,-86.538528,LOCAL/CITY RD,,N,N,URBAN,N,N,N,,DAYLIGHT,CLEAR,DRY,,FOUR-WAY INTERSECTION,STRAIGHT/GRADE,ASPHALT,BRAKE FAILURE OR DEFECTIVE,$1001 TO $2500,LEFT TURN,SROGERSSTWCOOLIDGEDR,1,STOP SIGN,2019-06-14 15:10:00,
INDIANA UNIV BLOOMINGTON PD,191056,MONROE,BLOOMINGTON,BLOOMINGTON,1,0.0,0.0,0,0,,TENTH,ST,,,,TENTH,SUNRISE,,,,Y,,,,39.17158,-86.51248,LOCAL/CITY RD,,N,N,URBAN,N,N,N,,DAYLIGHT,CLEAR,DRY,,NO JUNCTION INVOLVED,STRAIGHT/LEVEL,ASPHALT,IMPROPER TURNING,UNDER $1001,LEFT TURN,NSUNRISEDRTENTHST,1,NONE,2019-04-29 08:30:00,
BLOOMINGTON PD,B1930427,MONROE,BLOOMINGTON,BLOOMINGTON,1,0.0,1.0,0,0,,KIRKWOOD,AVE,,,,W KIRKWOOD,B LINE,,,,Y,,,,0.0,0.0,LOCAL/CITY RD,,N,N,URBAN,N,N,N,,DAYLIGHT,CLEAR,DRY,,FOUR-WAY INTERSECTION,STRAIGHT/LEVEL,ASPHALT,FAILURE TO YIELD RIGHT OF WAY,UNDER $1001,RIGHT ANGLE,BLINETRLWKIRKWOODAVE,1,YIELD SIGN,2019-07-24 11:21:00,
BLOOMINGTON PD,B1941900,MONROE,BLOOMINGTON,BLOOMINGTON,1,0.0,1.0,0,0,,E 10TH,ST,,,,E 10TH,N SMITH,,,,Y,,,,39.172752,-86.482288,LOCAL/CITY RD,,N,N,URBAN,N,N,N,,DARK (NOT LIGHTED),CLEAR,DRY,,T-INTERSECTION,CURVE/GRADE,ASPHALT,FAILURE TO YIELD RIGHT OF WAY,$1001 TO $2500,RIGHT ANGLE,E 10THSTNSMITHRD,1,STOP SIGN,2019-10-03 20:12:00,
INDIANA UNIV BLOOMINGTON PD,192031,MONROE,BLOOMINGTON,BLOOMINGTON,1,0.0,1.0,0,0,,EAGLESON AVE,AVE,,,,EAGLESON AVE,ATWATER,,,,Y,,,,39.1631,-86.5164,LOCAL/CITY RD,Y,N,N,URBAN,N,N,N,,DAYLIGHT,CLEAR,DRY,,FOUR-WAY INTERSECTION,STRAIGHT/LEVEL,ASPHALT,DISREGARD SIGNAL/REG SIGN,UNDER $1001,OTHER - EXPLAIN IN NARRATIVE,ATWATERAVEEAGLESON AVEAVE,1,TRAFFIC CONTROL SIGNAL,2019-09-19 13:33:00,
BLOOMINGTON PD,B2039980,MONROE,BLOOMINGTON,BLOOMINGTON,1,0.0,0.0,0,0,,SMITH,RD,,,,SMITH,3RD,,,,Y,,,,39.16424,-86.480688,LOCAL/CITY RD,,N,N,URBAN,N,N,N,,DAYLIGHT,CLEAR,DRY,,FOUR-WAY INTERSECTION,STRAIGHT/GRADE,ASPHALT,IMPROPER TURNING,UNDER $1001,RIGHT ANGLE,3RDSTSMITHRD,1,LN CONTROL,2020-11-04 12:08:00,
BLOOMINGTON PD,B2017383,MONROE,BLOOMINGTON,BLOOMINGTON,1,0.0,1.0,0,0,1600.0,E LLISTON,DR,,,,E LLISTON,,,,,Y,,,,39.129568,-86.513723,LOCAL/CITY RD,,N,Y,URBAN,N,N,N,,DAYLIGHT,CLEAR,DRY,,NO JUNCTION INVOLVED,STRAIGHT/LEVEL,CONCRETE,UNSAFE BACKING,UNDER $1001,BACKING CRASH,EELLISTONDR,1,NONE,2020-05-11 13:25:00,
BLOOMINGTON PD,B2020356,MONROE,BLOOMINGTON,BLOOMINGTON,1,0.0,0.0,0,0,,E 2ND,ST,,,,E 2ND,S WASHINGTON,,,,Y,,,,39.16138,-86.53241,LOCAL/CITY RD,,N,Y,URBAN,N,N,N,,DARK (NOT LIGHTED),CLEAR,DRY,,FOUR-WAY INTERSECTION,STRAIGHT/LEVEL,ASPHALT,DISREGARD SIGNAL/REG SIGN,UNDER $1001,RIGHT ANGLE,E 2NDSTSWASHINGTONST,1,STOP SIGN,2020-06-03 02:50:00,
MONROE SD,M20A14417,MONROE,RICHLAND,BLOOMINGTON,1,0.0,1.0,0,0,,1050 N HARTSTRAIT,RD,,,,N HARTSTRAIT,W ST RD 45,,,,N,,4224.0,N,39.62350124,-86.61063617,LOCAL/CITY RD,,N,N,RURAL,N,N,N,,DAYLIGHT,CLOUDY,DRY,,NO JUNCTION INVOLVED,STRAIGHT/GRADE,CONCRETE,IMPROPER PASSING,UNDER $1001,SAME DIRECTION SIDESWIPE,1050NHARTSTRAITRDWST RD 45HWY,1,NONE,2020-05-28 17:38:00,1050
BLOOMINGTON PD,B2113977,MONROE,PERRY,BLOOMINGTON,1,0.0,1.0,0,0,,E 2ND,ST,,,,E 2ND,S WALNUT,,,,Y,,45.0,E,39.16144,-86.5336,LOCAL/CITY RD,,N,N,URBAN,N,N,N,,DAYLIGHT,CLEAR,DRY,,FOUR-WAY INTERSECTION,STRAIGHT/GRADE,ASPHALT,FAILURE TO YIELD RIGHT OF WAY,$1001 TO $2500,HEAD ON BETWEEN TWO MOTOR VEHICLES,E 2NDSTSWALNUTST,1,NONE,2021-04-30 08:48:00,
BLOOMINGTON PD,B2044291,MONROE,BLOOMINGTON,BLOOMINGTON,1,0.0,1.0,0,0,,S LINCOLN,ST,,,,S LINCOLN,E 3RD,,,,Y,,,,39.16464,-86.531024,LOCAL/CITY RD,Y,N,N,URBAN,N,N,N,,DAYLIGHT,CLOUDY,DRY,,FOUR-WAY INTERSECTION,STRAIGHT/LEVEL,ASPHALT,BRAKE FAILURE OR DEFECTIVE,UNDER $1001,OTHER - EXPLAIN IN NARRATIVE,E 3RDSTSLINCOLNST,1,TRAFFIC CONTROL SIGNAL,2020-12-13 12:22:00,
BLOOMINGTON PD,B2112614,MONROE,BLOOMINGTON,BLOOMINGTON,1,0.0,1.0,0,0,,S LIBERTY,DR,,,,S LIBERTY,W 3RD,,,,Y,,,,39.164606,-86.579131,LOCAL/CITY RD,Y,N,N,URBAN,N,N,N,,DAYLIGHT,CLEAR,DRY,,FOUR-WAY INTERSECTION,STRAIGHT/LEVEL,CONCRETE,FAILURE TO YIELD RIGHT OF WAY,UNDER $1001,RIGHT ANGLE,SLIBERTYDRW 3RDST,1,TRAFFIC CONTROL SIGNAL,2021-04-19 16:26:00,
INDIANA UNIV BLOOMINGTON PD,202245,MONROE,BLOOMINGTON,BLOOMINGTON,1,0.0,0.0,0,0,,E 11TH,ST,,,,E 11TH,FEE,,,,Y,,,,39.173268,-86.5189,LOCAL/CITY RD,,N,N,URBAN,N,N,N,,DAYLIGHT,CLEAR,DRY,,FOUR-WAY INTERSECTION,STRAIGHT/LEVEL,ASPHALT,FAILURE TO YIELD RIGHT OF WAY,UNDER $1001,LEFT TURN,E11THSTFEELN,1,NONE,2020-11-08 10:00:00,
BLOOMINGTON PD,B2140027,MONROE,CLEAR CREEK,BLOOMINGTON,1,0.0,1.0,0,0,,S HIGHLAND,AVE,,,,S HIGHLAND,PRIVATE,,,,Y,,,,0.0,0.0,LOCAL/CITY RD,,N,N,URBAN,N,N,N,,DAYLIGHT,CLEAR,DRY,,T-INTERSECTION,STRAIGHT/GRADE,ASPHALT,FAILURE TO YIELD RIGHT OF WAY,$1001 TO $2500,LEFT TURN,PRIVATEDRSHIGHLANDAVE,1,LN CONTROL,2021-11-05 10:55:00,
BLOOMINGTON PD,B2136784,MONROE,BLOOMINGTON,BLOOMINGTON,1,0.0,1.0,0,0,,W GRIMES,LN,,,,W GRIMES,S WALNUT,,,,Y,,,,39.153344,-86.533757,LOCAL/CITY RD,Y,N,N,URBAN,N,N,N,,DAYLIGHT,CLEAR,DRY,,NO JUNCTION INVOLVED,STRAIGHT/LEVEL,ASPHALT,FAILURE TO YIELD RIGHT OF WAY,UNDER $1001,LEFT/RIGHT TURN,SWALNUTSTWGRIMESLN,1,TRAFFIC CONTROL SIGNAL,2021-10-13 10:25:00,
BLOOMINGTON PD,B22-25469,MONROE,BLOOMINGTON,BLOOMINGTON,1,,1.0,0,0,,W 17TH ST,,,,,W 17TH ST,N WILLIS DR,,,,Y,,0.0,,39.17903439,-86.5441438,LOCAL/CITY RD,,,,URBAN,N,N,N,,DAYLIGHT,CLEAR,DRY,,T-INTERSECTION,,ASPHALT,FAILURE TO YIELD RIGHT OF WAY,UNDER $1001,OTHER - EXPLAIN IN NARRATIVE,W17THSTNWILLISDR,1,,2022-07-05 13:30:00,
INDIANA UNIV BLOOMINGTON PD,221429,MONROE,BLOOMINGTON,BLOOMINGTON,1,,1.0,0,0,,E 7TH ST,,,,,E 7TH ST,N ROSE AVE,,,,Y,,0.0,,39.16812221,-86.51100344,LOCAL/CITY RD,,,,URBAN,N,N,N,,DAYLIGHT,CLEAR,DRY,,NO JUNCTION INVOLVED,,ASPHALT,FAILURE TO YIELD RIGHT OF WAY,$1001 TO $2500,SAME DIRECTION SIDESWIPE,NROSEAVEE7THST,1,,2022-04-15 11:15:00,
BLOOMINGTON PD,B22-26960,MONROE,BLOOMINGTON,BLOOMINGTON,1,,1.0,0,0,,S FRANKLIN RD,,,,,S FRANKLIN RD,W 3RD ST,,,,Y,,0.0,,39.16459944,-86.57021589,LOCAL/CITY RD,,,,URBAN,N,N,N,,DAWN/DUSK,CLEAR,DRY,,FOUR-WAY INTERSECTION,,ASPHALT,OTHER (DRIVER) - EXPLAIN IN NARRATIVE,UNDER $1001,RIGHT TURN,W 3RDSTSFRANKLINRD,1,,2022-07-14 20:39:00,